2026-03-23 13:49:34: 2026-03-23 13:49:34,042 INFO app.core.logging logging.configured level=INFO format=text use_utc=False app=mission-control version=0.1.0
2026-03-23 13:49:34: 2026-03-23 13:49:34,171 INFO alembic.runtime.plugins setup plugin alembic.autogenerate.schemas app=mission-control version=0.1.0
2026-03-23 13:49:34: 2026-03-23 13:49:34,171 INFO alembic.runtime.plugins setup plugin alembic.autogenerate.tables app=mission-control version=0.1.0
2026-03-23 13:49:34: 2026-03-23 13:49:34,171 INFO alembic.runtime.plugins setup plugin alembic.autogenerate.types app=mission-control version=0.1.0
2026-03-23 13:49:34: 2026-03-23 13:49:34,171 INFO alembic.runtime.plugins setup plugin alembic.autogenerate.constraints app=mission-control version=0.1.0
2026-03-23 13:49:34: 2026-03-23 13:49:34,171 INFO alembic.runtime.plugins setup plugin alembic.autogenerate.defaults app=mission-control version=0.1.0
2026-03-23 13:49:34: 2026-03-23 13:49:34,171 INFO alembic.runtime.plugins setup plugin alembic.autogenerate.comments app=mission-control version=0.1.0
2026-03-23 13:49:34: 2026-03-23 13:49:34,497 INFO __main__ ams_worker.started dry_run=False app=mission-control version=0.1.0
2026-03-23 13:49:34: 2026-03-23 13:49:34,674 INFO app.services.ams_consumer ams_consumer.poll_done dataset=sp-traffic processed=1 failed=0 app=mission-control version=0.1.0
2026-03-23 13:49:55: 2026-03-23 13:49:55,034 INFO app.services.ams_consumer ams_consumer.poll_done dataset=budget-usage processed=1 failed=0 app=mission-control version=0.1.0
2026-03-23 13:50:54: 2026-03-23 13:50:54,098 INFO app.services.ams_consumer ams_consumer.poll_done dataset=sp-conversion processed=1 failed=0 app=mission-control version=0.1.0
2026-03-23 13:52:19: 2026-03-23 13:52:19,987 INFO app.services.ams_consumer ams_consumer.poll_done dataset=budget-usage processed=1 failed=0 app=mission-control version=0.1.0
2026-03-23 13:59:08: 2026-03-23 13:59:08,440 INFO app.services.ams_consumer ams_consumer.poll_done dataset=budget-usage processed=1 failed=0 app=mission-control version=0.1.0
2026-03-23 14:00:14: 2026-03-23 14:00:14,134 INFO app.services.ams_consumer ams_consumer.poll_done dataset=budget-usage processed=2 failed=0 app=mission-control version=0.1.0
2026-03-23 14:00:14: 2026-03-23 14:00:14,378 INFO app.services.ams_consumer ams_consumer.poll_done dataset=campaigns processed=1 failed=0 app=mission-control version=0.1.0
2026-03-23 14:00:59: 2026-03-23 14:00:59,946 INFO app.services.ams_consumer ams_consumer.poll_done dataset=budget-usage processed=1 failed=0 app=mission-control version=0.1.0
2026-03-23 14:01:00: 2026-03-23 14:01:00,163 INFO app.services.ams_consumer ams_consumer.poll_done dataset=campaigns processed=1 failed=0 app=mission-control version=0.1.0
2026-03-23 14:02:05: 2026-03-23 14:02:05,899 INFO app.services.ams_consumer ams_consumer.poll_done dataset=campaigns processed=1 failed=0 app=mission-control version=0.1.0
2026-03-23 14:03:11: 2026-03-23 14:03:11,624 INFO app.services.ams_consumer ams_consumer.poll_done dataset=campaigns processed=1 failed=0 app=mission-control version=0.1.0
2026-03-23 14:04:17: 2026-03-23 14:04:17,330 INFO app.services.ams_consumer ams_consumer.poll_done dataset=campaigns processed=1 failed=0 app=mission-control version=0.1.0
2026-03-23 14:06:28: 2026-03-23 14:06:28,555 INFO app.services.ams_consumer ams_consumer.poll_done dataset=budget-usage processed=1 failed=0 app=mission-control version=0.1.0
2026-03-23 14:08:59: 2026-03-23 14:08:59,960 INFO app.services.ams_consumer ams_consumer.poll_done dataset=budget-usage processed=1 failed=0 app=mission-control version=0.1.0
2026-03-23 14:11:31: 2026-03-23 14:11:31,584 INFO app.services.ams_consumer ams_consumer.poll_done dataset=budget-usage processed=1 failed=0 app=mission-control version=0.1.0
2026-03-23 14:11:31: 2026-03-23 14:11:31,812 INFO app.services.ams_consumer ams_consumer.poll_done dataset=campaigns processed=1 failed=0 app=mission-control version=0.1.0
2026-03-23 14:12:17: 2026-03-23 14:12:17,416 INFO app.services.ams_consumer ams_consumer.poll_done dataset=budget-usage processed=1 failed=0 app=mission-control version=0.1.0
2026-03-23 14:12:42: 2026-03-23 14:12:42,792 INFO app.services.ams_consumer ams_consumer.poll_done dataset=sp-traffic processed=2 failed=0 app=mission-control version=0.1.0
2026-03-23 14:13:03: 2026-03-23 14:13:03,164 INFO app.services.ams_consumer ams_consumer.poll_done dataset=budget-usage processed=1 failed=0 app=mission-control version=0.1.0
2026-03-23 14:13:28: 2026-03-23 14:13:28,579 INFO app.services.ams_consumer ams_consumer.poll_done dataset=sp-traffic processed=2 failed=0 app=mission-control version=0.1.0
2026-03-23 14:14:34: 2026-03-23 14:14:34,285 INFO app.services.ams_consumer ams_consumer.poll_done dataset=sp-traffic processed=1 failed=0 app=mission-control version=0.1.0
2026-03-23 14:14:54: 2026-03-23 14:14:54,711 INFO app.services.ams_consumer ams_consumer.poll_done dataset=budget-usage processed=1 failed=0 app=mission-control version=0.1.0
2026-03-23 14:15:20: 2026-03-23 14:15:20,084 INFO app.services.ams_consumer ams_consumer.poll_done dataset=sp-traffic processed=5 failed=0 app=mission-control version=0.1.0
2026-03-23 14:16:25: 2026-03-23 14:16:25,832 INFO app.services.ams_consumer ams_consumer.poll_done dataset=sp-traffic processed=4 failed=0 app=mission-control version=0.1.0
2026-03-23 14:17:31: 2026-03-23 14:17:31,559 INFO app.services.ams_consumer ams_consumer.poll_done dataset=sp-traffic processed=3 failed=0 app=mission-control version=0.1.0
2026-03-23 14:17:51: 2026-03-23 14:17:51,989 INFO app.services.ams_consumer ams_consumer.poll_done dataset=budget-usage processed=1 failed=0 app=mission-control version=0.1.0
2026-03-23 14:17:52: 2026-03-23 14:17:52,222 INFO app.services.ams_consumer ams_consumer.poll_done dataset=campaigns processed=2 failed=0 app=mission-control version=0.1.0
2026-03-23 14:17:57: 2026-03-23 14:17:57,440 INFO app.services.ams_consumer ams_consumer.poll_done dataset=sp-traffic processed=7 failed=0 app=mission-control version=0.1.0
2026-03-23 14:19:03: 2026-03-23 14:19:03,132 INFO app.services.ams_consumer ams_consumer.poll_done dataset=sp-traffic processed=10 failed=0 app=mission-control version=0.1.0
2026-03-23 14:20:08: 2026-03-23 14:20:08,806 INFO app.services.ams_consumer ams_consumer.poll_done dataset=sp-traffic processed=6 failed=0 app=mission-control version=0.1.0
2026-03-23 14:20:48: 2026-03-23 14:20:48,039 INFO app.services.ams_consumer ams_consumer.poll_done dataset=budget-usage processed=1 failed=0 app=mission-control version=0.1.0
2026-03-23 14:21:13: 2026-03-23 14:21:13,415 INFO app.services.ams_consumer ams_consumer.poll_done dataset=sp-traffic processed=9 failed=0 app=mission-control version=0.1.0
2026-03-23 14:22:19: 2026-03-23 14:22:19,108 INFO app.services.ams_consumer ams_consumer.poll_done dataset=sp-traffic processed=10 failed=0 app=mission-control version=0.1.0
2026-03-23 14:23:24: 2026-03-23 14:23:24,790 INFO app.services.ams_consumer ams_consumer.poll_done dataset=sp-traffic processed=3 failed=0 app=mission-control version=0.1.0
2026-03-23 14:24:30: 2026-03-23 14:24:30,517 INFO app.services.ams_consumer ams_consumer.poll_done dataset=sp-traffic processed=3 failed=0 app=mission-control version=0.1.0
2026-03-23 14:25:36: 2026-03-23 14:25:36,260 INFO app.services.ams_consumer ams_consumer.poll_done dataset=sp-traffic processed=8 failed=0 app=mission-control version=0.1.0
2026-03-23 14:25:56: 2026-03-23 14:25:56,652 INFO app.services.ams_consumer ams_consumer.poll_done dataset=budget-usage processed=1 failed=0 app=mission-control version=0.1.0
2026-03-23 14:26:22: 2026-03-23 14:26:22,032 INFO app.services.ams_consumer ams_consumer.poll_done dataset=sp-traffic processed=5 failed=0 app=mission-control version=0.1.0
2026-03-23 14:27:27: 2026-03-23 14:27:27,975 INFO app.services.ams_consumer ams_consumer.poll_done dataset=sp-traffic processed=3 failed=0 app=mission-control version=0.1.0
2026-03-23 14:27:28: 2026-03-23 14:27:28,214 INFO app.services.ams_consumer ams_consumer.poll_done dataset=sp-conversion processed=1 failed=0 app=mission-control version=0.1.0
2026-03-23 14:27:28: 2026-03-23 14:27:28,428 INFO app.services.ams_consumer ams_consumer.poll_done dataset=budget-usage processed=1 failed=0 app=mission-control version=0.1.0
2026-03-23 14:27:53: 2026-03-23 14:27:53,801 INFO app.services.ams_consumer ams_consumer.poll_done dataset=sp-traffic processed=10 failed=0 app=mission-control version=0.1.0
2026-03-23 14:28:59: 2026-03-23 14:28:59,461 INFO app.services.ams_consumer ams_consumer.poll_done dataset=sp-traffic processed=7 failed=0 app=mission-control version=0.1.0
2026-03-23 14:29:19: 2026-03-23 14:29:19,842 INFO app.services.ams_consumer ams_consumer.poll_done dataset=budget-usage processed=1 failed=0 app=mission-control version=0.1.0
2026-03-23 14:29:45: 2026-03-23 14:29:45,165 INFO app.services.ams_consumer ams_consumer.poll_done dataset=sp-traffic processed=10 failed=0 app=mission-control version=0.1.0
2026-03-23 14:30:05: 2026-03-23 14:30:05,524 INFO app.services.ams_consumer ams_consumer.poll_done dataset=budget-usage processed=1 failed=0 app=mission-control version=0.1.0
2026-03-23 14:30:30: 2026-03-23 14:30:30,913 INFO app.services.ams_consumer ams_consumer.poll_done dataset=sp-traffic processed=10 failed=0 app=mission-control version=0.1.0
2026-03-23 14:31:36: 2026-03-23 14:31:36,574 INFO app.services.ams_consumer ams_consumer.poll_done dataset=sp-traffic processed=6 failed=0 app=mission-control version=0.1.0
2026-03-23 14:31:56: 2026-03-23 14:31:56,999 INFO app.services.ams_consumer ams_consumer.poll_done dataset=budget-usage processed=1 failed=0 app=mission-control version=0.1.0
2026-03-23 14:31:57: 2026-03-23 14:31:57,200 INFO app.services.ams_consumer ams_consumer.poll_done dataset=campaigns processed=1 failed=0 app=mission-control version=0.1.0
2026-03-23 14:32:02: 2026-03-23 14:32:02,381 INFO app.services.ams_consumer ams_consumer.poll_done dataset=sp-traffic processed=10 failed=0 app=mission-control version=0.1.0
2026-03-23 14:33:08: 2026-03-23 14:33:08,071 INFO app.services.ams_consumer ams_consumer.poll_done dataset=sp-traffic processed=10 failed=0 app=mission-control version=0.1.0
2026-03-23 14:34:13: 2026-03-23 14:34:13,734 INFO app.services.ams_consumer ams_consumer.poll_done dataset=sp-traffic processed=9 failed=0 app=mission-control version=0.1.0
2026-03-23 14:35:19: 2026-03-23 14:35:19,442 INFO app.services.ams_consumer ams_consumer.poll_done dataset=sp-traffic processed=10 failed=0 app=mission-control version=0.1.0
2026-03-23 14:36:25: 2026-03-23 14:36:25,165 INFO app.services.ams_consumer ams_consumer.poll_done dataset=sp-traffic processed=5 failed=0 app=mission-control version=0.1.0
2026-03-23 14:37:31: 2026-03-23 14:37:31,829 INFO app.services.ams_consumer ams_consumer.poll_done dataset=sp-traffic processed=10 failed=0 app=mission-control version=0.1.0
2026-03-23 14:38:37: 2026-03-23 14:38:37,539 INFO app.services.ams_consumer ams_consumer.poll_done dataset=sp-traffic processed=10 failed=0 app=mission-control version=0.1.0
2026-03-23 14:39:43: 2026-03-23 14:39:43,236 INFO app.services.ams_consumer ams_consumer.poll_done dataset=sp-traffic processed=10 failed=0 app=mission-control version=0.1.0
2026-03-23 14:40:48: 2026-03-23 14:40:48,893 INFO app.services.ams_consumer ams_consumer.poll_done dataset=sp-traffic processed=5 failed=0 app=mission-control version=0.1.0
2026-03-23 14:41:09: 2026-03-23 14:41:09,283 INFO app.services.ams_consumer ams_consumer.poll_done dataset=budget-usage processed=1 failed=0 app=mission-control version=0.1.0
2026-03-23 14:41:34: 2026-03-23 14:41:34,626 INFO app.services.ams_consumer ams_consumer.poll_done dataset=sp-traffic processed=10 failed=0 app=mission-control version=0.1.0
2026-03-23 14:41:54: 2026-03-23 14:41:54,970 INFO app.services.ams_consumer ams_consumer.poll_done dataset=budget-usage processed=1 failed=0 app=mission-control version=0.1.0
2026-03-23 14:42:20: 2026-03-23 14:42:20,507 INFO app.services.ams_consumer ams_consumer.poll_done dataset=sp-traffic processed=1 failed=0 app=mission-control version=0.1.0
2026-03-23 14:42:40: 2026-03-23 14:42:40,847 INFO app.services.ams_consumer ams_consumer.poll_done dataset=budget-usage processed=1 failed=0 app=mission-control version=0.1.0
2026-03-23 14:42:41: 2026-03-23 14:42:41,059 INFO app.services.ams_consumer ams_consumer.poll_done dataset=campaigns processed=1 failed=0 app=mission-control version=0.1.0
2026-03-23 14:42:46: 2026-03-23 14:42:46,275 INFO app.services.ams_consumer ams_consumer.poll_done dataset=sp-traffic processed=4 failed=0 app=mission-control version=0.1.0
2026-03-23 14:43:06: 2026-03-23 14:43:06,697 INFO app.services.ams_consumer ams_consumer.poll_done dataset=budget-usage processed=1 failed=0 app=mission-control version=0.1.0
2026-03-23 14:43:32: 2026-03-23 14:43:32,063 INFO app.services.ams_consumer ams_consumer.poll_done dataset=sp-traffic processed=9 failed=0 app=mission-control version=0.1.0
2026-03-23 14:43:52: 2026-03-23 14:43:52,439 INFO app.services.ams_consumer ams_consumer.poll_done dataset=budget-usage processed=1 failed=0 app=mission-control version=0.1.0
2026-03-23 14:44:17: 2026-03-23 14:44:17,856 INFO app.services.ams_consumer ams_consumer.poll_done dataset=sp-traffic processed=1 failed=0 app=mission-control version=0.1.0
2026-03-23 14:44:38: 2026-03-23 14:44:38,235 INFO app.services.ams_consumer ams_consumer.poll_done dataset=budget-usage processed=1 failed=0 app=mission-control version=0.1.0
2026-03-23 14:45:03: 2026-03-23 14:45:03,613 INFO app.services.ams_consumer ams_consumer.poll_done dataset=sp-traffic processed=3 failed=0 app=mission-control version=0.1.0
2026-03-23 14:45:24: 2026-03-23 14:45:24,039 INFO app.services.ams_consumer ams_consumer.poll_done dataset=budget-usage processed=3 failed=0 app=mission-control version=0.1.0
2026-03-23 14:50:46: 2026-03-23 14:50:46,785 INFO app.services.ams_consumer ams_consumer.poll_done dataset=budget-usage processed=1 failed=0 app=mission-control version=0.1.0
2026-03-23 14:50:47: 2026-03-23 14:50:47,002 INFO app.services.ams_consumer ams_consumer.poll_done dataset=campaigns processed=1 failed=0 app=mission-control version=0.1.0
2026-03-23 14:52:58: 2026-03-23 14:52:58,271 INFO app.services.ams_consumer ams_consumer.poll_done dataset=budget-usage processed=1 failed=0 app=mission-control version=0.1.0
2026-03-23 15:04:24: 2026-03-23 15:04:24,122 INFO app.services.ams_consumer ams_consumer.poll_done dataset=campaigns processed=1 failed=0 app=mission-control version=0.1.0
2026-03-23 15:05:09: 2026-03-23 15:05:09,652 INFO app.services.ams_consumer ams_consumer.poll_done dataset=budget-usage processed=1 failed=0 app=mission-control version=0.1.0
2026-03-23 15:05:09: 2026-03-23 15:05:09,893 INFO app.services.ams_consumer ams_consumer.poll_done dataset=campaigns processed=1 failed=0 app=mission-control version=0.1.0
2026-03-23 15:05:55: 2026-03-23 15:05:55,449 INFO app.services.ams_consumer ams_consumer.poll_done dataset=budget-usage processed=2 failed=0 app=mission-control version=0.1.0
2026-03-23 15:05:55: 2026-03-23 15:05:55,664 INFO app.services.ams_consumer ams_consumer.poll_done dataset=campaigns processed=4 failed=0 app=mission-control version=0.1.0
2026-03-23 15:06:41: 2026-03-23 15:06:41,503 INFO app.services.ams_consumer ams_consumer.poll_done dataset=budget-usage processed=1 failed=0 app=mission-control version=0.1.0
2026-03-23 15:06:41: 2026-03-23 15:06:41,722 INFO app.services.ams_consumer ams_consumer.poll_done dataset=campaigns processed=3 failed=0 app=mission-control version=0.1.0
2026-03-23 15:07:27: 2026-03-23 15:07:27,290 INFO app.services.ams_consumer ams_consumer.poll_done dataset=budget-usage processed=2 failed=0 app=mission-control version=0.1.0
2026-03-23 15:07:27: 2026-03-23 15:07:27,536 INFO app.services.ams_consumer ams_consumer.poll_done dataset=campaigns processed=2 failed=0 app=mission-control version=0.1.0
2026-03-23 15:08:33: 2026-03-23 15:08:33,285 INFO app.services.ams_consumer ams_consumer.poll_done dataset=campaigns processed=1 failed=0 app=mission-control version=0.1.0
2026-03-23 15:09:19: 2026-03-23 15:09:19,883 INFO app.services.ams_consumer ams_consumer.poll_done dataset=budget-usage processed=1 failed=0 app=mission-control version=0.1.0
2026-03-23 15:10:25: 2026-03-23 15:10:25,616 INFO app.services.ams_consumer ams_consumer.poll_done dataset=budget-usage processed=1 failed=0 app=mission-control version=0.1.0
2026-03-23 15:10:25: 2026-03-23 15:10:25,877 INFO app.services.ams_consumer ams_consumer.poll_done dataset=campaigns processed=1 failed=0 app=mission-control version=0.1.0
2026-03-23 15:17:39: 2026-03-23 15:17:39,487 INFO app.services.ams_consumer ams_consumer.poll_done dataset=sp-traffic processed=1 failed=0 app=mission-control version=0.1.0
2026-03-23 15:18:45: 2026-03-23 15:18:45,224 INFO app.services.ams_consumer ams_consumer.poll_done dataset=sp-traffic processed=1 failed=0 app=mission-control version=0.1.0
2026-03-23 15:19:15: 2026-03-23 15:19:15,922 INFO app.services.ams_consumer ams_consumer.poll_done dataset=budget-usage processed=1 failed=0 app=mission-control version=0.1.0
2026-03-23 15:19:41: 2026-03-23 15:19:41,311 INFO app.services.ams_consumer ams_consumer.poll_done dataset=sp-traffic processed=2 failed=0 app=mission-control version=0.1.0
2026-03-23 15:19:41: 2026-03-23 15:19:41,697 INFO app.services.ams_consumer ams_consumer.poll_done dataset=sp-conversion processed=1 failed=0 app=mission-control version=0.1.0
2026-03-23 15:20:27: 2026-03-23 15:20:27,221 INFO app.services.ams_consumer ams_consumer.poll_done dataset=sp-traffic processed=6 failed=0 app=mission-control version=0.1.0
2026-03-23 15:20:27: 2026-03-23 15:20:27,442 INFO app.services.ams_consumer ams_consumer.poll_done dataset=sp-conversion processed=2 failed=0 app=mission-control version=0.1.0
2026-03-23 15:21:13: 2026-03-23 15:21:13,028 INFO app.services.ams_consumer ams_consumer.poll_done dataset=sp-traffic processed=3 failed=0 app=mission-control version=0.1.0
2026-03-23 15:21:13: 2026-03-23 15:21:13,244 INFO app.services.ams_consumer ams_consumer.poll_done dataset=sp-conversion processed=1 failed=0 app=mission-control version=0.1.0
2026-03-23 15:21:58: 2026-03-23 15:21:58,787 INFO app.services.ams_consumer ams_consumer.poll_done dataset=sp-traffic processed=6 failed=0 app=mission-control version=0.1.0
2026-03-23 15:21:59: 2026-03-23 15:21:59,070 INFO app.services.ams_consumer ams_consumer.poll_done dataset=sp-conversion processed=1 failed=0 app=mission-control version=0.1.0
2026-03-23 15:22:44: 2026-03-23 15:22:44,600 INFO app.services.ams_consumer ams_consumer.poll_done dataset=sp-traffic processed=6 failed=0 app=mission-control version=0.1.0
2026-03-23 15:22:44: 2026-03-23 15:22:44,879 INFO app.services.ams_consumer ams_consumer.poll_done dataset=sp-conversion processed=1 failed=0 app=mission-control version=0.1.0
2026-03-23 15:23:30: 2026-03-23 15:23:30,459 INFO app.services.ams_consumer ams_consumer.poll_done dataset=sp-traffic processed=2 failed=0 app=mission-control version=0.1.0
2026-03-23 15:23:30: 2026-03-23 15:23:30,692 INFO app.services.ams_consumer ams_consumer.poll_done dataset=sp-conversion processed=1 failed=0 app=mission-control version=0.1.0
2026-03-23 15:24:16: 2026-03-23 15:24:16,229 INFO app.services.ams_consumer ams_consumer.poll_done dataset=sp-traffic processed=5 failed=0 app=mission-control version=0.1.0
2026-03-23 15:24:36: 2026-03-23 15:24:36,663 INFO app.services.ams_consumer ams_consumer.poll_done dataset=budget-usage processed=1 failed=0 app=mission-control version=0.1.0
2026-03-23 15:25:02: 2026-03-23 15:25:02,016 INFO app.services.ams_consumer ams_consumer.poll_done dataset=sp-traffic processed=10 failed=0 app=mission-control version=0.1.0
2026-03-23 15:26:07: 2026-03-23 15:26:07,785 INFO app.services.ams_consumer ams_consumer.poll_done dataset=sp-traffic processed=10 failed=0 app=mission-control version=0.1.0
2026-03-23 15:26:28: 2026-03-23 15:26:28,182 INFO app.services.ams_consumer ams_consumer.poll_done dataset=budget-usage processed=1 failed=0 app=mission-control version=0.1.0
2026-03-23 15:26:53: 2026-03-23 15:26:53,607 INFO app.services.ams_consumer ams_consumer.poll_done dataset=sp-traffic processed=10 failed=0 app=mission-control version=0.1.0
2026-03-23 15:27:17: 2026-03-23 15:27:17,562 INFO app.services.ams_consumer ams_consumer.poll_done dataset=budget-usage processed=1 failed=0 app=mission-control version=0.1.0
2026-03-23 15:27:42: 2026-03-23 15:27:42,932 INFO app.services.ams_consumer ams_consumer.poll_done dataset=sp-traffic processed=10 failed=0 app=mission-control version=0.1.0
2026-03-23 15:28:04: 2026-03-23 15:28:04,864 INFO app.services.ams_consumer ams_consumer.poll_done dataset=budget-usage processed=1 failed=0 app=mission-control version=0.1.0
2026-03-23 15:28:05: 2026-03-23 15:28:05,125 INFO app.services.ams_consumer ams_consumer.poll_done dataset=campaigns processed=1 failed=0 app=mission-control version=0.1.0
2026-03-23 15:28:10: 2026-03-23 15:28:10,344 INFO app.services.ams_consumer ams_consumer.poll_done dataset=sp-traffic processed=4 failed=0 app=mission-control version=0.1.0
2026-03-23 15:28:30: 2026-03-23 15:28:30,796 INFO app.services.ams_consumer ams_consumer.poll_done dataset=budget-usage processed=2 failed=0 app=mission-control version=0.1.0
2026-03-23 15:28:31: 2026-03-23 15:28:31,022 INFO app.services.ams_consumer ams_consumer.poll_done dataset=campaigns processed=1 failed=0 app=mission-control version=0.1.0
2026-03-23 15:28:36: 2026-03-23 15:28:36,242 INFO app.services.ams_consumer ams_consumer.poll_done dataset=sp-traffic processed=4 failed=0 app=mission-control version=0.1.0
2026-03-23 15:29:16: 2026-03-23 15:29:16,829 INFO app.services.ams_consumer ams_consumer.poll_done dataset=campaigns processed=1 failed=0 app=mission-control version=0.1.0
2026-03-23 15:29:22: 2026-03-23 15:29:22,048 INFO app.services.ams_consumer ams_consumer.poll_done dataset=sp-traffic processed=4 failed=0 app=mission-control version=0.1.0
2026-03-23 15:29:42: 2026-03-23 15:29:42,458 INFO app.services.ams_consumer ams_consumer.poll_done dataset=budget-usage processed=1 failed=0 app=mission-control version=0.1.0
2026-03-23 15:29:42: 2026-03-23 15:29:42,725 INFO app.services.ams_consumer ams_consumer.poll_done dataset=campaigns processed=1 failed=0 app=mission-control version=0.1.0
2026-03-23 15:29:47: 2026-03-23 15:29:47,919 INFO app.services.ams_consumer ams_consumer.poll_done dataset=sp-traffic processed=10 failed=0 app=mission-control version=0.1.0
2026-03-23 15:30:53: 2026-03-23 15:30:53,592 INFO app.services.ams_consumer ams_consumer.poll_done dataset=sp-traffic processed=10 failed=0 app=mission-control version=0.1.0
2026-03-23 15:31:14: 2026-03-23 15:31:14,711 INFO app.services.ams_consumer ams_consumer.poll_done dataset=budget-usage processed=1 failed=0 app=mission-control version=0.1.0
2026-03-23 15:31:14: 2026-03-23 15:31:14,936 INFO app.services.ams_consumer ams_consumer.poll_done dataset=campaigns processed=1 failed=0 app=mission-control version=0.1.0
2026-03-23 15:31:20: 2026-03-23 15:31:20,153 INFO app.services.ams_consumer ams_consumer.poll_done dataset=sp-traffic processed=1 failed=0 app=mission-control version=0.1.0
2026-03-23 15:32:26: 2026-03-23 15:32:26,109 INFO app.services.ams_consumer ams_consumer.poll_done dataset=sp-traffic processed=10 failed=0 app=mission-control version=0.1.0
2026-03-23 15:33:31: 2026-03-23 15:33:31,784 INFO app.services.ams_consumer ams_consumer.poll_done dataset=sp-traffic processed=4 failed=0 app=mission-control version=0.1.0
2026-03-23 15:34:37: 2026-03-23 15:34:37,490 INFO app.services.ams_consumer ams_consumer.poll_done dataset=sp-traffic processed=10 failed=0 app=mission-control version=0.1.0
2026-03-23 15:35:14: 2026-03-23 15:35:14,901 INFO app.services.ams_consumer ams_consumer.poll_done dataset=budget-usage processed=1 failed=0 app=mission-control version=0.1.0
2026-03-23 15:35:40: 2026-03-23 15:35:40,279 INFO app.services.ams_consumer ams_consumer.poll_done dataset=sp-traffic processed=10 failed=0 app=mission-control version=0.1.0
2026-03-23 15:36:45: 2026-03-23 15:36:45,932 INFO app.services.ams_consumer ams_consumer.poll_done dataset=sp-traffic processed=10 failed=0 app=mission-control version=0.1.0
2026-03-23 15:37:06: 2026-03-23 15:37:06,370 INFO app.services.ams_consumer ams_consumer.poll_done dataset=budget-usage processed=1 failed=0 app=mission-control version=0.1.0
2026-03-23 15:37:31: 2026-03-23 15:37:31,754 INFO app.services.ams_consumer ams_consumer.poll_done dataset=sp-traffic processed=9 failed=0 app=mission-control version=0.1.0
2026-03-23 15:38:05: 2026-03-23 15:38:05,757 INFO app.services.ams_consumer ams_consumer.poll_done dataset=budget-usage processed=1 failed=0 app=mission-control version=0.1.0
2026-03-23 15:38:05: 2026-03-23 15:38:05,993 INFO app.services.ams_consumer ams_consumer.poll_done dataset=campaigns processed=1 failed=0 app=mission-control version=0.1.0
2026-03-23 15:38:11: 2026-03-23 15:38:11,241 INFO app.services.ams_consumer ams_consumer.poll_done dataset=sp-traffic processed=7 failed=0 app=mission-control version=0.1.0
2026-03-23 15:38:31: 2026-03-23 15:38:31,612 INFO app.services.ams_consumer ams_consumer.poll_done dataset=budget-usage processed=1 failed=0 app=mission-control version=0.1.0
2026-03-23 15:38:56: 2026-03-23 15:38:56,987 INFO app.services.ams_consumer ams_consumer.poll_done dataset=sp-traffic processed=10 failed=0 app=mission-control version=0.1.0
2026-03-23 15:40:02: 2026-03-23 15:40:02,785 INFO app.services.ams_consumer ams_consumer.poll_done dataset=sp-traffic processed=5 failed=0 app=mission-control version=0.1.0
2026-03-23 15:40:23: 2026-03-23 15:40:23,203 INFO app.services.ams_consumer ams_consumer.poll_done dataset=budget-usage processed=1 failed=0 app=mission-control version=0.1.0
2026-03-23 15:40:48: 2026-03-23 15:40:48,616 INFO app.services.ams_consumer ams_consumer.poll_done dataset=sp-traffic processed=3 failed=0 app=mission-control version=0.1.0
2026-03-23 15:41:54: 2026-03-23 15:41:54,316 INFO app.services.ams_consumer ams_consumer.poll_done dataset=sp-traffic processed=3 failed=0 app=mission-control version=0.1.0
2026-03-23 15:43:00: 2026-03-23 15:43:00,039 INFO app.services.ams_consumer ams_consumer.poll_done dataset=sp-traffic processed=10 failed=0 app=mission-control version=0.1.0
2026-03-23 15:44:05: 2026-03-23 15:44:05,747 INFO app.services.ams_consumer ams_consumer.poll_done dataset=sp-traffic processed=10 failed=0 app=mission-control version=0.1.0
2026-03-23 15:45:11: 2026-03-23 15:45:11,543 INFO app.services.ams_consumer ams_consumer.poll_done dataset=sp-traffic processed=3 failed=0 app=mission-control version=0.1.0
2026-03-23 15:45:31: 2026-03-23 15:45:31,959 INFO app.services.ams_consumer ams_consumer.poll_done dataset=budget-usage processed=1 failed=0 app=mission-control version=0.1.0
2026-03-23 15:45:57: 2026-03-23 15:45:57,288 INFO app.services.ams_consumer ams_consumer.poll_done dataset=sp-traffic processed=1 failed=0 app=mission-control version=0.1.0
2026-03-23 15:47:02: 2026-03-23 15:47:02,975 INFO app.services.ams_consumer ams_consumer.poll_done dataset=sp-traffic processed=2 failed=0 app=mission-control version=0.1.0
2026-03-23 15:48:08: 2026-03-23 15:48:08,650 INFO app.services.ams_consumer ams_consumer.poll_done dataset=sp-traffic processed=4 failed=0 app=mission-control version=0.1.0
2026-03-23 15:49:04: 2026-03-23 15:49:04,776 INFO app.services.ams_consumer ams_consumer.poll_done dataset=campaigns processed=1 failed=0 app=mission-control version=0.1.0
2026-03-23 15:49:10: 2026-03-23 15:49:10,084 INFO app.services.ams_consumer ams_consumer.poll_done dataset=sp-traffic processed=1 failed=0 app=mission-control version=0.1.0
2026-03-23 15:49:30: 2026-03-23 15:49:30,506 INFO app.services.ams_consumer ams_consumer.poll_done dataset=budget-usage processed=1 failed=0 app=mission-control version=0.1.0
2026-03-23 15:49:55: 2026-03-23 15:49:55,964 INFO app.services.ams_consumer ams_consumer.poll_done dataset=sp-traffic processed=1 failed=0 app=mission-control version=0.1.0
2026-03-23 15:50:16: 2026-03-23 15:50:16,316 INFO app.services.ams_consumer ams_consumer.poll_done dataset=budget-usage processed=1 failed=0 app=mission-control version=0.1.0
2026-03-23 15:50:41: 2026-03-23 15:50:41,649 INFO app.services.ams_consumer ams_consumer.poll_done dataset=sp-traffic processed=3 failed=0 app=mission-control version=0.1.0
2026-03-23 15:51:02: 2026-03-23 15:51:02,064 INFO app.services.ams_consumer ams_consumer.poll_done dataset=budget-usage processed=1 failed=0 app=mission-control version=0.1.0
2026-03-23 15:51:27: 2026-03-23 15:51:27,522 INFO app.services.ams_consumer ams_consumer.poll_done dataset=sp-traffic processed=2 failed=0 app=mission-control version=0.1.0
2026-03-23 15:52:33: 2026-03-23 15:52:33,273 INFO app.services.ams_consumer ams_consumer.poll_done dataset=sp-traffic processed=1 failed=0 app=mission-control version=0.1.0
2026-03-23 15:52:53: 2026-03-23 15:52:53,666 INFO app.services.ams_consumer ams_consumer.poll_done dataset=budget-usage processed=1 failed=0 app=mission-control version=0.1.0
2026-03-23 15:52:53: 2026-03-23 15:52:53,880 INFO app.services.ams_consumer ams_consumer.poll_done dataset=campaigns processed=1 failed=0 app=mission-control version=0.1.0
2026-03-23 15:52:59: 2026-03-23 15:52:59,122 INFO app.services.ams_consumer ams_consumer.poll_done dataset=sp-traffic processed=1 failed=0 app=mission-control version=0.1.0
2026-03-23 15:56:11: 2026-03-23 15:56:11,280 INFO app.services.ams_consumer ams_consumer.poll_done dataset=budget-usage processed=1 failed=0 app=mission-control version=0.1.0
2026-03-23 15:56:11: 2026-03-23 15:56:11,507 INFO app.services.ams_consumer ams_consumer.poll_done dataset=campaigns processed=1 failed=0 app=mission-control version=0.1.0
2026-03-23 15:56:57: 2026-03-23 15:56:57,076 INFO app.services.ams_consumer ams_consumer.poll_done dataset=budget-usage processed=1 failed=0 app=mission-control version=0.1.0
2026-03-23 15:56:57: 2026-03-23 15:56:57,267 INFO app.services.ams_consumer ams_consumer.poll_done dataset=campaigns processed=1 failed=0 app=mission-control version=0.1.0
2026-03-23 15:57:42: 2026-03-23 15:57:42,853 INFO app.services.ams_consumer ams_consumer.poll_done dataset=budget-usage processed=1 failed=0 app=mission-control version=0.1.0
2026-03-23 15:57:43: 2026-03-23 15:57:43,066 INFO app.services.ams_consumer ams_consumer.poll_done dataset=campaigns processed=1 failed=0 app=mission-control version=0.1.0
2026-03-23 15:58:28: 2026-03-23 15:58:28,677 INFO app.services.ams_consumer ams_consumer.poll_done dataset=budget-usage processed=1 failed=0 app=mission-control version=0.1.0
2026-03-23 15:58:28: 2026-03-23 15:58:28,887 INFO app.services.ams_consumer ams_consumer.poll_done dataset=campaigns processed=1 failed=0 app=mission-control version=0.1.0
2026-03-23 15:59:34: 2026-03-23 15:59:34,610 INFO app.services.ams_consumer ams_consumer.poll_done dataset=campaigns processed=2 failed=0 app=mission-control version=0.1.0
2026-03-23 16:02:03: 2026-03-23 16:02:03,229 INFO app.services.ams_consumer ams_consumer.poll_done dataset=budget-usage processed=1 failed=0 app=mission-control version=0.1.0
2026-03-23 16:02:08: 2026-03-23 16:02:08,189 INFO app.services.ams_consumer ams_consumer.poll_done dataset=campaigns processed=1 failed=0 app=mission-control version=0.1.0
2026-03-23 16:03:13: 2026-03-23 16:03:13,930 INFO app.services.ams_consumer ams_consumer.poll_done dataset=campaigns processed=1 failed=0 app=mission-control version=0.1.0
2026-03-23 16:04:14: 2026-03-23 16:04:14,357 INFO app.services.ams_consumer ams_consumer.poll_done dataset=budget-usage processed=1 failed=0 app=mission-control version=0.1.0
2026-03-23 16:06:45: 2026-03-23 16:06:45,930 INFO app.services.ams_consumer ams_consumer.poll_done dataset=budget-usage processed=1 failed=0 app=mission-control version=0.1.0
2026-03-23 16:07:51: 2026-03-23 16:07:51,677 INFO app.services.ams_consumer ams_consumer.poll_done dataset=budget-usage processed=1 failed=0 app=mission-control version=0.1.0
2026-03-23 16:13:35: 2026-03-23 16:13:35,947 INFO app.services.ams_consumer ams_consumer.poll_done dataset=campaigns processed=1 failed=0 app=mission-control version=0.1.0
2026-03-23 16:14:21: 2026-03-23 16:14:21,495 INFO app.services.ams_consumer ams_consumer.poll_done dataset=budget-usage processed=1 failed=0 app=mission-control version=0.1.0
2026-03-23 16:15:27: 2026-03-23 16:15:27,251 INFO app.services.ams_consumer ams_consumer.poll_done dataset=budget-usage processed=1 failed=0 app=mission-control version=0.1.0
2026-03-23 16:20:09: 2026-03-23 16:20:09,659 INFO app.services.ams_consumer ams_consumer.poll_done dataset=sp-traffic processed=1 failed=0 app=mission-control version=0.1.0
2026-03-23 16:21:15: 2026-03-23 16:21:15,393 INFO app.services.ams_consumer ams_consumer.poll_done dataset=sp-traffic processed=2 failed=0 app=mission-control version=0.1.0
2026-03-23 16:22:21: 2026-03-23 16:22:21,110 INFO app.services.ams_consumer ams_consumer.poll_done dataset=sp-traffic processed=2 failed=0 app=mission-control version=0.1.0
2026-03-23 16:23:26: 2026-03-23 16:23:26,795 INFO app.services.ams_consumer ams_consumer.poll_done dataset=sp-traffic processed=6 failed=0 app=mission-control version=0.1.0
2026-03-23 16:24:32: 2026-03-23 16:24:32,521 INFO app.services.ams_consumer ams_consumer.poll_done dataset=sp-traffic processed=1 failed=0 app=mission-control version=0.1.0
2026-03-23 16:24:52: 2026-03-23 16:24:52,923 INFO app.services.ams_consumer ams_consumer.poll_done dataset=budget-usage processed=1 failed=0 app=mission-control version=0.1.0
2026-03-23 16:25:18: 2026-03-23 16:25:18,475 INFO app.services.ams_consumer ams_consumer.poll_done dataset=sp-traffic processed=7 failed=0 app=mission-control version=0.1.0
2026-03-23 16:26:24: 2026-03-23 16:26:24,181 INFO app.services.ams_consumer ams_consumer.poll_done dataset=sp-traffic processed=3 failed=0 app=mission-control version=0.1.0
2026-03-23 16:26:44: 2026-03-23 16:26:44,612 INFO app.services.ams_consumer ams_consumer.poll_done dataset=budget-usage processed=1 failed=0 app=mission-control version=0.1.0
2026-03-23 16:26:44: 2026-03-23 16:26:44,830 INFO app.services.ams_consumer ams_consumer.poll_done dataset=campaigns processed=1 failed=0 app=mission-control version=0.1.0
2026-03-23 16:26:50: 2026-03-23 16:26:50,044 INFO app.services.ams_consumer ams_consumer.poll_done dataset=sp-traffic processed=1 failed=0 app=mission-control version=0.1.0
2026-03-23 16:27:10: 2026-03-23 16:27:10,426 INFO app.services.ams_consumer ams_consumer.poll_done dataset=budget-usage processed=1 failed=0 app=mission-control version=0.1.0
2026-03-23 16:27:10: 2026-03-23 16:27:10,680 INFO app.services.ams_consumer ams_consumer.poll_done dataset=campaigns processed=1 failed=0 app=mission-control version=0.1.0
2026-03-23 16:27:15: 2026-03-23 16:27:15,899 INFO app.services.ams_consumer ams_consumer.poll_done dataset=sp-traffic processed=5 failed=0 app=mission-control version=0.1.0
2026-03-23 16:27:36: 2026-03-23 16:27:36,280 INFO app.services.ams_consumer ams_consumer.poll_done dataset=budget-usage processed=1 failed=0 app=mission-control version=0.1.0
2026-03-23 16:27:36: 2026-03-23 16:27:36,554 INFO app.services.ams_consumer ams_consumer.poll_done dataset=campaigns processed=1 failed=0 app=mission-control version=0.1.0
2026-03-23 16:27:41: 2026-03-23 16:27:41,862 INFO app.services.ams_consumer ams_consumer.poll_done dataset=sp-traffic processed=4 failed=0 app=mission-control version=0.1.0
2026-03-23 16:28:02: 2026-03-23 16:28:02,269 INFO app.services.ams_consumer ams_consumer.poll_done dataset=budget-usage processed=1 failed=0 app=mission-control version=0.1.0
2026-03-23 16:28:27: 2026-03-23 16:28:27,624 INFO app.services.ams_consumer ams_consumer.poll_done dataset=sp-traffic processed=10 failed=0 app=mission-control version=0.1.0
2026-03-23 16:29:33: 2026-03-23 16:29:33,322 INFO app.services.ams_consumer ams_consumer.poll_done dataset=sp-traffic processed=10 failed=0 app=mission-control version=0.1.0
2026-03-23 16:30:39: 2026-03-23 16:30:39,016 INFO app.services.ams_consumer ams_consumer.poll_done dataset=sp-traffic processed=9 failed=0 app=mission-control version=0.1.0
2026-03-23 16:31:44: 2026-03-23 16:31:44,760 INFO app.services.ams_consumer ams_consumer.poll_done dataset=sp-traffic processed=9 failed=0 app=mission-control version=0.1.0
2026-03-23 16:32:50: 2026-03-23 16:32:50,510 INFO app.services.ams_consumer ams_consumer.poll_done dataset=sp-traffic processed=4 failed=0 app=mission-control version=0.1.0
2026-03-23 16:33:20: 2026-03-23 16:33:20,574 INFO app.services.ams_consumer ams_consumer.poll_done dataset=budget-usage processed=1 failed=0 app=mission-control version=0.1.0
2026-03-23 16:33:45: 2026-03-23 16:33:45,962 INFO app.services.ams_consumer ams_consumer.poll_done dataset=sp-traffic processed=3 failed=0 app=mission-control version=0.1.0
2026-03-23 16:34:06: 2026-03-23 16:34:06,430 INFO app.services.ams_consumer ams_consumer.poll_done dataset=budget-usage processed=1 failed=0 app=mission-control version=0.1.0
2026-03-23 16:34:31: 2026-03-23 16:34:31,788 INFO app.services.ams_consumer ams_consumer.poll_done dataset=sp-traffic processed=10 failed=0 app=mission-control version=0.1.0
2026-03-23 16:35:37: 2026-03-23 16:35:37,525 INFO app.services.ams_consumer ams_consumer.poll_done dataset=sp-traffic processed=10 failed=0 app=mission-control version=0.1.0
2026-03-23 16:35:57: 2026-03-23 16:35:57,927 INFO app.services.ams_consumer ams_consumer.poll_done dataset=budget-usage processed=1 failed=0 app=mission-control version=0.1.0
2026-03-23 16:36:23: 2026-03-23 16:36:23,313 INFO app.services.ams_consumer ams_consumer.poll_done dataset=sp-traffic processed=8 failed=0 app=mission-control version=0.1.0
2026-03-23 16:37:29: 2026-03-23 16:37:29,055 INFO app.services.ams_consumer ams_consumer.poll_done dataset=sp-traffic processed=7 failed=0 app=mission-control version=0.1.0
2026-03-23 16:38:34: 2026-03-23 16:38:34,764 INFO app.services.ams_consumer ams_consumer.poll_done dataset=sp-traffic processed=10 failed=0 app=mission-control version=0.1.0
2026-03-23 16:39:40: 2026-03-23 16:39:40,466 INFO app.services.ams_consumer ams_consumer.poll_done dataset=sp-traffic processed=6 failed=0 app=mission-control version=0.1.0
2026-03-23 16:40:46: 2026-03-23 16:40:46,391 INFO app.services.ams_consumer ams_consumer.poll_done dataset=sp-traffic processed=9 failed=0 app=mission-control version=0.1.0
2026-03-23 16:41:06: 2026-03-23 16:41:06,803 INFO app.services.ams_consumer ams_consumer.poll_done dataset=budget-usage processed=1 failed=0 app=mission-control version=0.1.0
2026-03-23 16:41:32: 2026-03-23 16:41:32,215 INFO app.services.ams_consumer ams_consumer.poll_done dataset=sp-traffic processed=3 failed=0 app=mission-control version=0.1.0
2026-03-23 16:41:56: 2026-03-23 16:41:56,689 INFO app.services.ams_consumer ams_consumer.poll_done dataset=budget-usage processed=1 failed=0 app=mission-control version=0.1.0
2026-03-23 16:42:22: 2026-03-23 16:42:22,048 INFO app.services.ams_consumer ams_consumer.poll_done dataset=sp-traffic processed=10 failed=0 app=mission-control version=0.1.0
2026-03-23 16:42:42: 2026-03-23 16:42:42,462 INFO app.services.ams_consumer ams_consumer.poll_done dataset=budget-usage processed=1 failed=0 app=mission-control version=0.1.0
2026-03-23 16:43:07: 2026-03-23 16:43:07,828 INFO app.services.ams_consumer ams_consumer.poll_done dataset=sp-traffic processed=6 failed=0 app=mission-control version=0.1.0
2026-03-23 16:43:28: 2026-03-23 16:43:28,216 INFO app.services.ams_consumer ams_consumer.poll_done dataset=budget-usage processed=1 failed=0 app=mission-control version=0.1.0
2026-03-23 16:43:53: 2026-03-23 16:43:53,603 INFO app.services.ams_consumer ams_consumer.poll_done dataset=sp-traffic processed=10 failed=0 app=mission-control version=0.1.0
2026-03-23 16:44:59: 2026-03-23 16:44:59,257 INFO app.services.ams_consumer ams_consumer.poll_done dataset=sp-traffic processed=10 failed=0 app=mission-control version=0.1.0
2026-03-23 16:45:19: 2026-03-23 16:45:19,663 INFO app.services.ams_consumer ams_consumer.poll_done dataset=budget-usage processed=1 failed=0 app=mission-control version=0.1.0
2026-03-23 16:45:45: 2026-03-23 16:45:45,004 INFO app.services.ams_consumer ams_consumer.poll_done dataset=sp-traffic processed=10 failed=0 app=mission-control version=0.1.0
2026-03-23 16:46:05: 2026-03-23 16:46:05,385 INFO app.services.ams_consumer ams_consumer.poll_done dataset=budget-usage processed=1 failed=0 app=mission-control version=0.1.0
2026-03-23 16:46:05: 2026-03-23 16:46:05,619 INFO app.services.ams_consumer ams_consumer.poll_done dataset=campaigns processed=1 failed=0 app=mission-control version=0.1.0
2026-03-23 16:46:10: 2026-03-23 16:46:10,867 INFO app.services.ams_consumer ams_consumer.poll_done dataset=sp-traffic processed=5 failed=0 app=mission-control version=0.1.0
2026-03-23 16:46:31: 2026-03-23 16:46:31,259 INFO app.services.ams_consumer ams_consumer.poll_done dataset=budget-usage processed=1 failed=0 app=mission-control version=0.1.0
2026-03-23 16:46:56: 2026-03-23 16:46:56,621 INFO app.services.ams_consumer ams_consumer.poll_done dataset=sp-traffic processed=10 failed=0 app=mission-control version=0.1.0
2026-03-23 16:48:02: 2026-03-23 16:48:02,355 INFO app.services.ams_consumer ams_consumer.poll_done dataset=sp-traffic processed=3 failed=0 app=mission-control version=0.1.0
2026-03-23 16:49:08: 2026-03-23 16:49:08,078 INFO app.services.ams_consumer ams_consumer.poll_done dataset=sp-traffic processed=10 failed=0 app=mission-control version=0.1.0
2026-03-23 16:50:13: 2026-03-23 16:50:13,789 INFO app.services.ams_consumer ams_consumer.poll_done dataset=sp-traffic processed=10 failed=0 app=mission-control version=0.1.0
2026-03-23 16:51:19: 2026-03-23 16:51:19,528 INFO app.services.ams_consumer ams_consumer.poll_done dataset=sp-traffic processed=9 failed=0 app=mission-control version=0.1.0
2026-03-23 16:53:05: 2026-03-23 16:53:05,593 INFO app.services.ams_consumer ams_consumer.poll_done dataset=budget-usage processed=1 failed=0 app=mission-control version=0.1.0
2026-03-23 16:53:05: 2026-03-23 16:53:05,825 INFO app.services.ams_consumer ams_consumer.poll_done dataset=campaigns processed=1 failed=0 app=mission-control version=0.1.0
2026-03-23 16:53:51: 2026-03-23 16:53:51,423 INFO app.services.ams_consumer ams_consumer.poll_done dataset=budget-usage processed=1 failed=0 app=mission-control version=0.1.0
2026-03-23 16:54:57: 2026-03-23 16:54:57,125 INFO app.services.ams_consumer ams_consumer.poll_done dataset=budget-usage processed=1 failed=0 app=mission-control version=0.1.0
2026-03-23 16:56:03: 2026-03-23 16:56:03,099 INFO app.services.ams_consumer ams_consumer.poll_done dataset=budget-usage processed=1 failed=0 app=mission-control version=0.1.0
2026-03-23 16:57:08: 2026-03-23 16:57:08,880 INFO app.services.ams_consumer ams_consumer.poll_done dataset=budget-usage processed=1 failed=0 app=mission-control version=0.1.0
2026-03-23 16:58:14: 2026-03-23 16:58:14,587 INFO app.services.ams_consumer ams_consumer.poll_done dataset=budget-usage processed=1 failed=0 app=mission-control version=0.1.0
2026-03-23 16:59:20: 2026-03-23 16:59:20,354 INFO app.services.ams_consumer ams_consumer.poll_done dataset=budget-usage processed=1 failed=0 app=mission-control version=0.1.0
2026-03-23 16:59:20: 2026-03-23 16:59:20,588 INFO app.services.ams_consumer ams_consumer.poll_done dataset=campaigns processed=1 failed=0 app=mission-control version=0.1.0
2026-03-23 17:01:37: 2026-03-23 17:01:37,648 INFO app.services.ams_consumer ams_consumer.poll_done dataset=budget-usage processed=1 failed=0 app=mission-control version=0.1.0
2026-03-23 17:01:53: 2026-03-23 17:01:53,415 INFO app.services.ams_consumer ams_consumer.poll_done dataset=campaigns processed=1 failed=0 app=mission-control version=0.1.0
2026-03-23 17:03:44: 2026-03-23 17:03:44,517 INFO app.services.ams_consumer ams_consumer.poll_done dataset=sp-conversion processed=1 failed=0 app=mission-control version=0.1.0
2026-03-23 17:03:51: 2026-03-23 17:03:51,338 INFO app.services.ams_consumer ams_consumer.poll_done dataset=budget-usage processed=1 failed=0 app=mission-control version=0.1.0
2026-03-23 17:03:51: 2026-03-23 17:03:51,551 INFO app.services.ams_consumer ams_consumer.poll_done dataset=campaigns processed=1 failed=0 app=mission-control version=0.1.0
2026-03-23 17:04:16: 2026-03-23 17:04:16,946 INFO app.services.ams_consumer ams_consumer.poll_done dataset=sp-conversion processed=1 failed=0 app=mission-control version=0.1.0
2026-03-23 17:11:27: 2026-03-23 17:11:27,762 INFO app.services.ams_consumer ams_consumer.poll_done dataset=budget-usage processed=1 failed=0 app=mission-control version=0.1.0
2026-03-23 17:11:27: 2026-03-23 17:11:27,994 INFO app.services.ams_consumer ams_consumer.poll_done dataset=campaigns processed=1 failed=0 app=mission-control version=0.1.0
2026-03-23 17:11:53: 2026-03-23 17:11:53,383 INFO app.services.ams_consumer ams_consumer.poll_done dataset=sp-conversion processed=1 failed=0 app=mission-control version=0.1.0
2026-03-23 17:12:13: 2026-03-23 17:12:13,760 INFO app.services.ams_consumer ams_consumer.poll_done dataset=campaigns processed=1 failed=0 app=mission-control version=0.1.0
2026-03-23 17:12:39: 2026-03-23 17:12:39,188 INFO app.services.ams_consumer ams_consumer.poll_done dataset=sp-conversion processed=1 failed=0 app=mission-control version=0.1.0
2026-03-23 17:13:44: 2026-03-23 17:13:44,893 INFO app.services.ams_consumer ams_consumer.poll_done dataset=sp-conversion processed=1 failed=0 app=mission-control version=0.1.0
2026-03-23 17:15:11: 2026-03-23 17:15:11,111 INFO app.services.ams_consumer ams_consumer.poll_done dataset=budget-usage processed=1 failed=0 app=mission-control version=0.1.0
2026-03-23 17:21:19: 2026-03-23 17:21:19,197 INFO app.services.ams_consumer ams_consumer.poll_done dataset=sp-traffic processed=2 failed=0 app=mission-control version=0.1.0
2026-03-23 17:21:49: 2026-03-23 17:21:49,571 INFO app.services.ams_consumer ams_consumer.poll_done dataset=budget-usage processed=1 failed=0 app=mission-control version=0.1.0
2026-03-23 17:21:49: 2026-03-23 17:21:49,816 INFO app.services.ams_consumer ams_consumer.poll_done dataset=campaigns processed=1 failed=0 app=mission-control version=0.1.0
2026-03-23 17:21:55: 2026-03-23 17:21:55,033 INFO app.services.ams_consumer ams_consumer.poll_done dataset=sp-traffic processed=1 failed=0 app=mission-control version=0.1.0
2026-03-23 17:23:00: 2026-03-23 17:23:00,783 INFO app.services.ams_consumer ams_consumer.poll_done dataset=sp-traffic processed=2 failed=0 app=mission-control version=0.1.0
2026-03-23 17:24:06: 2026-03-23 17:24:06,497 INFO app.services.ams_consumer ams_consumer.poll_done dataset=sp-traffic processed=4 failed=0 app=mission-control version=0.1.0
2026-03-23 17:25:12: 2026-03-23 17:25:12,183 INFO app.services.ams_consumer ams_consumer.poll_done dataset=sp-traffic processed=2 failed=0 app=mission-control version=0.1.0
2026-03-23 17:25:12: 2026-03-23 17:25:12,370 INFO app.services.ams_consumer ams_consumer.poll_done dataset=sp-conversion processed=2 failed=0 app=mission-control version=0.1.0
2026-03-23 17:25:57: 2026-03-23 17:25:57,868 INFO app.services.ams_consumer ams_consumer.poll_done dataset=sp-traffic processed=4 failed=0 app=mission-control version=0.1.0
2026-03-23 17:26:18: 2026-03-23 17:26:18,286 INFO app.services.ams_consumer ams_consumer.poll_done dataset=budget-usage processed=1 failed=0 app=mission-control version=0.1.0
2026-03-23 17:26:18: 2026-03-23 17:26:18,487 INFO app.services.ams_consumer ams_consumer.poll_done dataset=campaigns processed=1 failed=0 app=mission-control version=0.1.0
2026-03-23 17:26:23: 2026-03-23 17:26:23,698 INFO app.services.ams_consumer ams_consumer.poll_done dataset=sp-traffic processed=6 failed=0 app=mission-control version=0.1.0
2026-03-23 17:26:44: 2026-03-23 17:26:44,088 INFO app.services.ams_consumer ams_consumer.poll_done dataset=budget-usage processed=1 failed=0 app=mission-control version=0.1.0
2026-03-23 17:27:09: 2026-03-23 17:27:09,498 INFO app.services.ams_consumer ams_consumer.poll_done dataset=sp-traffic processed=1 failed=0 app=mission-control version=0.1.0
2026-03-23 17:28:15: 2026-03-23 17:28:15,207 INFO app.services.ams_consumer ams_consumer.poll_done dataset=sp-traffic processed=1 failed=0 app=mission-control version=0.1.0
2026-03-23 17:29:20: 2026-03-23 17:29:20,914 INFO app.services.ams_consumer ams_consumer.poll_done dataset=sp-traffic processed=10 failed=0 app=mission-control version=0.1.0
2026-03-23 17:30:26: 2026-03-23 17:30:26,599 INFO app.services.ams_consumer ams_consumer.poll_done dataset=sp-traffic processed=10 failed=0 app=mission-control version=0.1.0
2026-03-23 17:31:32: 2026-03-23 17:31:32,254 INFO app.services.ams_consumer ams_consumer.poll_done dataset=sp-traffic processed=10 failed=0 app=mission-control version=0.1.0
2026-03-23 17:32:38: 2026-03-23 17:32:38,113 INFO app.services.ams_consumer ams_consumer.poll_done dataset=sp-traffic processed=5 failed=0 app=mission-control version=0.1.0
2026-03-23 17:33:43: 2026-03-23 17:33:43,818 INFO app.services.ams_consumer ams_consumer.poll_done dataset=sp-traffic processed=10 failed=0 app=mission-control version=0.1.0
2026-03-23 17:34:04: 2026-03-23 17:34:04,209 INFO app.services.ams_consumer ams_consumer.poll_done dataset=budget-usage processed=1 failed=0 app=mission-control version=0.1.0
2026-03-23 17:34:29: 2026-03-23 17:34:29,519 INFO app.services.ams_consumer ams_consumer.poll_done dataset=sp-traffic processed=10 failed=0 app=mission-control version=0.1.0
2026-03-23 17:35:35: 2026-03-23 17:35:35,229 INFO app.services.ams_consumer ams_consumer.poll_done dataset=sp-traffic processed=3 failed=0 app=mission-control version=0.1.0
2026-03-23 17:36:41: 2026-03-23 17:36:41,911 INFO app.services.ams_consumer ams_consumer.poll_done dataset=sp-traffic processed=10 failed=0 app=mission-control version=0.1.0
2026-03-23 17:37:47: 2026-03-23 17:37:47,599 INFO app.services.ams_consumer ams_consumer.poll_done dataset=sp-traffic processed=10 failed=0 app=mission-control version=0.1.0
2026-03-23 17:38:08: 2026-03-23 17:38:08,009 INFO app.services.ams_consumer ams_consumer.poll_done dataset=budget-usage processed=1 failed=0 app=mission-control version=0.1.0
2026-03-23 17:38:08: 2026-03-23 17:38:08,233 INFO app.services.ams_consumer ams_consumer.poll_done dataset=campaigns processed=1 failed=0 app=mission-control version=0.1.0
2026-03-23 17:38:13: 2026-03-23 17:38:13,440 INFO app.services.ams_consumer ams_consumer.poll_done dataset=sp-traffic processed=9 failed=0 app=mission-control version=0.1.0
2026-03-23 17:39:19: 2026-03-23 17:39:19,109 INFO app.services.ams_consumer ams_consumer.poll_done dataset=sp-traffic processed=1 failed=0 app=mission-control version=0.1.0
2026-03-23 17:40:45: 2026-03-23 17:40:45,544 INFO app.core.logging logging.configured level=INFO format=text use_utc=False app=mission-control version=0.1.0
2026-03-23 17:40:45: 2026-03-23 17:40:45,619 INFO alembic.runtime.plugins setup plugin alembic.autogenerate.schemas app=mission-control version=0.1.0
2026-03-23 17:40:45: 2026-03-23 17:40:45,619 INFO alembic.runtime.plugins setup plugin alembic.autogenerate.tables app=mission-control version=0.1.0
2026-03-23 17:40:45: 2026-03-23 17:40:45,619 INFO alembic.runtime.plugins setup plugin alembic.autogenerate.types app=mission-control version=0.1.0
2026-03-23 17:40:45: 2026-03-23 17:40:45,619 INFO alembic.runtime.plugins setup plugin alembic.autogenerate.constraints app=mission-control version=0.1.0
2026-03-23 17:40:45: 2026-03-23 17:40:45,619 INFO alembic.runtime.plugins setup plugin alembic.autogenerate.defaults app=mission-control version=0.1.0
2026-03-23 17:40:45: 2026-03-23 17:40:45,619 INFO alembic.runtime.plugins setup plugin alembic.autogenerate.comments app=mission-control version=0.1.0
2026-03-23 17:40:45: 2026-03-23 17:40:45,851 INFO __main__ ams_worker.started dry_run=False app=mission-control version=0.1.0
2026-03-23 17:40:45: 2026-03-23 17:40:45,980 INFO app.services.ams_consumer ams_consumer.debug dataset=sp-traffic payload_type=dict keys=['advertiser_id', 'marketplace_id', 'dataset_id', 'impressions', 'idempotency_id', 'keyword_text', 'time_window_start', 'ad_group_id', 'placement', 'cost', 'clicks', 'currency', 'ad_id', 'match_type', 'campaign_id', 'keyword_id'] app=mission-control version=0.1.0
2026-03-23 17:40:45: 2026-03-23 17:40:45,980 INFO app.services.ams_consumer ams_consumer.parse_debug dataset=sp-traffic keys=['advertiser_id', 'marketplace_id', 'dataset_id', 'impressions', 'idempotency_id', 'keyword_text', 'time_window_start', 'ad_group_id', 'placement', 'cost', 'clicks', 'currency', 'ad_id', 'match_type', 'campaign_id', 'keyword_id'] app=mission-control version=0.1.0
2026-03-23 17:40:45: 2026-03-23 17:40:45,980 INFO app.services.ams_consumer ams_consumer.debug dataset=sp-traffic payload_type=dict keys=['advertiser_id', 'marketplace_id', 'dataset_id', 'impressions', 'idempotency_id', 'keyword_text', 'time_window_start', 'ad_group_id', 'placement', 'cost', 'clicks', 'currency', 'ad_id', 'match_type', 'campaign_id', 'keyword_id'] app=mission-control version=0.1.0
2026-03-23 17:40:45: 2026-03-23 17:40:45,980 INFO app.services.ams_consumer ams_consumer.parse_debug dataset=sp-traffic keys=['advertiser_id', 'marketplace_id', 'dataset_id', 'impressions', 'idempotency_id', 'keyword_text', 'time_window_start', 'ad_group_id', 'placement', 'cost', 'clicks', 'currency', 'ad_id', 'match_type', 'campaign_id', 'keyword_id'] app=mission-control version=0.1.0
2026-03-23 17:40:45: 2026-03-23 17:40:45,980 INFO app.services.ams_consumer ams_consumer.debug dataset=sp-traffic payload_type=dict keys=['advertiser_id', 'marketplace_id', 'dataset_id', 'impressions', 'idempotency_id', 'keyword_text', 'time_window_start', 'ad_group_id', 'placement', 'cost', 'clicks', 'currency', 'ad_id', 'match_type', 'campaign_id', 'keyword_id'] app=mission-control version=0.1.0
2026-03-23 17:40:45: 2026-03-23 17:40:45,980 INFO app.services.ams_consumer ams_consumer.parse_debug dataset=sp-traffic keys=['advertiser_id', 'marketplace_id', 'dataset_id', 'impressions', 'idempotency_id', 'keyword_text', 'time_window_start', 'ad_group_id', 'placement', 'cost', 'clicks', 'currency', 'ad_id', 'match_type', 'campaign_id', 'keyword_id'] app=mission-control version=0.1.0
2026-03-23 17:40:45: 2026-03-23 17:40:45,981 INFO app.services.ams_consumer ams_consumer.debug dataset=sp-traffic payload_type=dict keys=['advertiser_id', 'marketplace_id', 'dataset_id', 'impressions', 'idempotency_id', 'keyword_text', 'time_window_start', 'ad_group_id', 'placement', 'cost', 'clicks', 'currency', 'ad_id', 'match_type', 'campaign_id', 'keyword_id'] app=mission-control version=0.1.0
2026-03-23 17:40:45: 2026-03-23 17:40:45,981 INFO app.services.ams_consumer ams_consumer.parse_debug dataset=sp-traffic keys=['advertiser_id', 'marketplace_id', 'dataset_id', 'impressions', 'idempotency_id', 'keyword_text', 'time_window_start', 'ad_group_id', 'placement', 'cost', 'clicks', 'currency', 'ad_id', 'match_type', 'campaign_id', 'keyword_id'] app=mission-control version=0.1.0
2026-03-23 17:40:45: 2026-03-23 17:40:45,981 INFO app.services.ams_consumer ams_consumer.debug dataset=sp-traffic payload_type=dict keys=['advertiser_id', 'marketplace_id', 'dataset_id', 'impressions', 'idempotency_id', 'keyword_text', 'time_window_start', 'ad_group_id', 'placement', 'cost', 'clicks', 'currency', 'ad_id', 'match_type', 'campaign_id', 'keyword_id'] app=mission-control version=0.1.0
2026-03-23 17:40:45: 2026-03-23 17:40:45,981 INFO app.services.ams_consumer ams_consumer.parse_debug dataset=sp-traffic keys=['advertiser_id', 'marketplace_id', 'dataset_id', 'impressions', 'idempotency_id', 'keyword_text', 'time_window_start', 'ad_group_id', 'placement', 'cost', 'clicks', 'currency', 'ad_id', 'match_type', 'campaign_id', 'keyword_id'] app=mission-control version=0.1.0
2026-03-23 17:40:45: 2026-03-23 17:40:45,981 INFO app.services.ams_consumer ams_consumer.debug dataset=sp-traffic payload_type=dict keys=['advertiser_id', 'marketplace_id', 'dataset_id', 'impressions', 'idempotency_id', 'keyword_text', 'time_window_start', 'ad_group_id', 'placement', 'cost', 'clicks', 'currency', 'ad_id', 'match_type', 'campaign_id', 'keyword_id'] app=mission-control version=0.1.0
2026-03-23 17:40:45: 2026-03-23 17:40:45,981 INFO app.services.ams_consumer ams_consumer.parse_debug dataset=sp-traffic keys=['advertiser_id', 'marketplace_id', 'dataset_id', 'impressions', 'idempotency_id', 'keyword_text', 'time_window_start', 'ad_group_id', 'placement', 'cost', 'clicks', 'currency', 'ad_id', 'match_type', 'campaign_id', 'keyword_id'] app=mission-control version=0.1.0
2026-03-23 17:40:45: 2026-03-23 17:40:45,981 INFO app.services.ams_consumer ams_consumer.debug dataset=sp-traffic payload_type=dict keys=['advertiser_id', 'marketplace_id', 'dataset_id', 'impressions', 'idempotency_id', 'keyword_text', 'time_window_start', 'ad_group_id', 'placement', 'cost', 'clicks', 'currency', 'ad_id', 'match_type', 'campaign_id', 'keyword_id'] app=mission-control version=0.1.0
2026-03-23 17:40:45: 2026-03-23 17:40:45,981 INFO app.services.ams_consumer ams_consumer.parse_debug dataset=sp-traffic keys=['advertiser_id', 'marketplace_id', 'dataset_id', 'impressions', 'idempotency_id', 'keyword_text', 'time_window_start', 'ad_group_id', 'placement', 'cost', 'clicks', 'currency', 'ad_id', 'match_type', 'campaign_id', 'keyword_id'] app=mission-control version=0.1.0
2026-03-23 17:40:45: 2026-03-23 17:40:45,981 INFO app.services.ams_consumer ams_consumer.debug dataset=sp-traffic payload_type=dict keys=['advertiser_id', 'marketplace_id', 'dataset_id', 'impressions', 'idempotency_id', 'keyword_text', 'time_window_start', 'ad_group_id', 'placement', 'cost', 'clicks', 'currency', 'ad_id', 'match_type', 'campaign_id', 'keyword_id'] app=mission-control version=0.1.0
2026-03-23 17:40:45: 2026-03-23 17:40:45,981 INFO app.services.ams_consumer ams_consumer.parse_debug dataset=sp-traffic keys=['advertiser_id', 'marketplace_id', 'dataset_id', 'impressions', 'idempotency_id', 'keyword_text', 'time_window_start', 'ad_group_id', 'placement', 'cost', 'clicks', 'currency', 'ad_id', 'match_type', 'campaign_id', 'keyword_id'] app=mission-control version=0.1.0
2026-03-23 17:40:45: 2026-03-23 17:40:45,981 INFO app.services.ams_consumer ams_consumer.debug dataset=sp-traffic payload_type=dict keys=['advertiser_id', 'marketplace_id', 'dataset_id', 'impressions', 'idempotency_id', 'keyword_text', 'time_window_start', 'ad_group_id', 'placement', 'cost', 'clicks', 'currency', 'ad_id', 'match_type', 'campaign_id', 'keyword_id'] app=mission-control version=0.1.0
2026-03-23 17:40:45: 2026-03-23 17:40:45,981 INFO app.services.ams_consumer ams_consumer.parse_debug dataset=sp-traffic keys=['advertiser_id', 'marketplace_id', 'dataset_id', 'impressions', 'idempotency_id', 'keyword_text', 'time_window_start', 'ad_group_id', 'placement', 'cost', 'clicks', 'currency', 'ad_id', 'match_type', 'campaign_id', 'keyword_id'] app=mission-control version=0.1.0
2026-03-23 17:40:45: 2026-03-23 17:40:45,981 INFO app.services.ams_consumer ams_consumer.debug dataset=sp-traffic payload_type=dict keys=['advertiser_id', 'marketplace_id', 'dataset_id', 'impressions', 'idempotency_id', 'keyword_text', 'time_window_start', 'ad_group_id', 'placement', 'cost', 'clicks', 'currency', 'ad_id', 'match_type', 'campaign_id', 'keyword_id'] app=mission-control version=0.1.0
2026-03-23 17:40:45: 2026-03-23 17:40:45,981 INFO app.services.ams_consumer ams_consumer.parse_debug dataset=sp-traffic keys=['advertiser_id', 'marketplace_id', 'dataset_id', 'impressions', 'idempotency_id', 'keyword_text', 'time_window_start', 'ad_group_id', 'placement', 'cost', 'clicks', 'currency', 'ad_id', 'match_type', 'campaign_id', 'keyword_id'] app=mission-control version=0.1.0
2026-03-23 17:40:46: 2026-03-23 17:40:46,003 INFO app.services.ams_consumer ams_consumer.poll_done dataset=sp-traffic processed=10 failed=0 app=mission-control version=0.1.0
2026-03-23 17:41:51: 2026-03-23 17:41:51,651 INFO app.services.ams_consumer ams_consumer.debug dataset=sp-traffic payload_type=dict keys=['advertiser_id', 'marketplace_id', 'dataset_id', 'impressions', 'idempotency_id', 'keyword_text', 'time_window_start', 'ad_group_id', 'placement', 'cost', 'clicks', 'currency', 'ad_id', 'match_type', 'campaign_id', 'keyword_id'] app=mission-control version=0.1.0
2026-03-23 17:41:51: 2026-03-23 17:41:51,651 INFO app.services.ams_consumer ams_consumer.parse_debug dataset=sp-traffic keys=['advertiser_id', 'marketplace_id', 'dataset_id', 'impressions', 'idempotency_id', 'keyword_text', 'time_window_start', 'ad_group_id', 'placement', 'cost', 'clicks', 'currency', 'ad_id', 'match_type', 'campaign_id', 'keyword_id'] app=mission-control version=0.1.0
2026-03-23 17:41:51: 2026-03-23 17:41:51,651 INFO app.services.ams_consumer ams_consumer.debug dataset=sp-traffic payload_type=dict keys=['advertiser_id', 'marketplace_id', 'dataset_id', 'impressions', 'idempotency_id', 'keyword_text', 'time_window_start', 'ad_group_id', 'placement', 'cost', 'clicks', 'currency', 'ad_id', 'match_type', 'campaign_id', 'keyword_id'] app=mission-control version=0.1.0
2026-03-23 17:41:51: 2026-03-23 17:41:51,651 INFO app.services.ams_consumer ams_consumer.parse_debug dataset=sp-traffic keys=['advertiser_id', 'marketplace_id', 'dataset_id', 'impressions', 'idempotency_id', 'keyword_text', 'time_window_start', 'ad_group_id', 'placement', 'cost', 'clicks', 'currency', 'ad_id', 'match_type', 'campaign_id', 'keyword_id'] app=mission-control version=0.1.0
2026-03-23 17:41:51: 2026-03-23 17:41:51,651 INFO app.services.ams_consumer ams_consumer.debug dataset=sp-traffic payload_type=dict keys=['advertiser_id', 'marketplace_id', 'dataset_id', 'impressions', 'idempotency_id', 'keyword_text', 'time_window_start', 'ad_group_id', 'placement', 'cost', 'clicks', 'currency', 'ad_id', 'match_type', 'campaign_id', 'keyword_id'] app=mission-control version=0.1.0
2026-03-23 17:41:51: 2026-03-23 17:41:51,651 INFO app.services.ams_consumer ams_consumer.parse_debug dataset=sp-traffic keys=['advertiser_id', 'marketplace_id', 'dataset_id', 'impressions', 'idempotency_id', 'keyword_text', 'time_window_start', 'ad_group_id', 'placement', 'cost', 'clicks', 'currency', 'ad_id', 'match_type', 'campaign_id', 'keyword_id'] app=mission-control version=0.1.0
2026-03-23 17:41:51: 2026-03-23 17:41:51,651 INFO app.services.ams_consumer ams_consumer.debug dataset=sp-traffic payload_type=dict keys=['advertiser_id', 'marketplace_id', 'dataset_id', 'impressions', 'idempotency_id', 'keyword_text', 'time_window_start', 'ad_group_id', 'placement', 'cost', 'clicks', 'currency', 'ad_id', 'match_type', 'campaign_id', 'keyword_id'] app=mission-control version=0.1.0
2026-03-23 17:41:51: 2026-03-23 17:41:51,651 INFO app.services.ams_consumer ams_consumer.parse_debug dataset=sp-traffic keys=['advertiser_id', 'marketplace_id', 'dataset_id', 'impressions', 'idempotency_id', 'keyword_text', 'time_window_start', 'ad_group_id', 'placement', 'cost', 'clicks', 'currency', 'ad_id', 'match_type', 'campaign_id', 'keyword_id'] app=mission-control version=0.1.0
2026-03-23 17:41:51: 2026-03-23 17:41:51,651 INFO app.services.ams_consumer ams_consumer.debug dataset=sp-traffic payload_type=dict keys=['advertiser_id', 'marketplace_id', 'dataset_id', 'impressions', 'idempotency_id', 'keyword_text', 'time_window_start', 'ad_group_id', 'placement', 'cost', 'clicks', 'currency', 'ad_id', 'match_type', 'campaign_id', 'keyword_id'] app=mission-control version=0.1.0
2026-03-23 17:41:51: 2026-03-23 17:41:51,651 INFO app.services.ams_consumer ams_consumer.parse_debug dataset=sp-traffic keys=['advertiser_id', 'marketplace_id', 'dataset_id', 'impressions', 'idempotency_id', 'keyword_text', 'time_window_start', 'ad_group_id', 'placement', 'cost', 'clicks', 'currency', 'ad_id', 'match_type', 'campaign_id', 'keyword_id'] app=mission-control version=0.1.0
2026-03-23 17:41:51: 2026-03-23 17:41:51,651 INFO app.services.ams_consumer ams_consumer.debug dataset=sp-traffic payload_type=dict keys=['advertiser_id', 'marketplace_id', 'dataset_id', 'impressions', 'idempotency_id', 'keyword_text', 'time_window_start', 'ad_group_id', 'placement', 'cost', 'clicks', 'currency', 'ad_id', 'match_type', 'campaign_id', 'keyword_id'] app=mission-control version=0.1.0
2026-03-23 17:41:51: 2026-03-23 17:41:51,651 INFO app.services.ams_consumer ams_consumer.parse_debug dataset=sp-traffic keys=['advertiser_id', 'marketplace_id', 'dataset_id', 'impressions', 'idempotency_id', 'keyword_text', 'time_window_start', 'ad_group_id', 'placement', 'cost', 'clicks', 'currency', 'ad_id', 'match_type', 'campaign_id', 'keyword_id'] app=mission-control version=0.1.0
2026-03-23 17:41:51: 2026-03-23 17:41:51,651 INFO app.services.ams_consumer ams_consumer.debug dataset=sp-traffic payload_type=dict keys=['advertiser_id', 'marketplace_id', 'dataset_id', 'impressions', 'idempotency_id', 'keyword_text', 'time_window_start', 'ad_group_id', 'placement', 'cost', 'clicks', 'currency', 'ad_id', 'match_type', 'campaign_id', 'keyword_id'] app=mission-control version=0.1.0
2026-03-23 17:41:51: 2026-03-23 17:41:51,651 INFO app.services.ams_consumer ams_consumer.parse_debug dataset=sp-traffic keys=['advertiser_id', 'marketplace_id', 'dataset_id', 'impressions', 'idempotency_id', 'keyword_text', 'time_window_start', 'ad_group_id', 'placement', 'cost', 'clicks', 'currency', 'ad_id', 'match_type', 'campaign_id', 'keyword_id'] app=mission-control version=0.1.0
2026-03-23 17:41:51: 2026-03-23 17:41:51,651 INFO app.services.ams_consumer ams_consumer.debug dataset=sp-traffic payload_type=dict keys=['advertiser_id', 'marketplace_id', 'dataset_id', 'impressions', 'idempotency_id', 'keyword_text', 'time_window_start', 'ad_group_id', 'placement', 'cost', 'clicks', 'currency', 'ad_id', 'match_type', 'campaign_id', 'keyword_id'] app=mission-control version=0.1.0
2026-03-23 17:41:51: 2026-03-23 17:41:51,651 INFO app.services.ams_consumer ams_consumer.parse_debug dataset=sp-traffic keys=['advertiser_id', 'marketplace_id', 'dataset_id', 'impressions', 'idempotency_id', 'keyword_text', 'time_window_start', 'ad_group_id', 'placement', 'cost', 'clicks', 'currency', 'ad_id', 'match_type', 'campaign_id', 'keyword_id'] app=mission-control version=0.1.0
2026-03-23 17:41:51: 2026-03-23 17:41:51,651 INFO app.services.ams_consumer ams_consumer.debug dataset=sp-traffic payload_type=dict keys=['advertiser_id', 'marketplace_id', 'dataset_id', 'impressions', 'idempotency_id', 'keyword_text', 'time_window_start', 'ad_group_id', 'placement', 'cost', 'clicks', 'currency', 'ad_id', 'match_type', 'campaign_id', 'keyword_id'] app=mission-control version=0.1.0
2026-03-23 17:41:51: 2026-03-23 17:41:51,651 INFO app.services.ams_consumer ams_consumer.parse_debug dataset=sp-traffic keys=['advertiser_id', 'marketplace_id', 'dataset_id', 'impressions', 'idempotency_id', 'keyword_text', 'time_window_start', 'ad_group_id', 'placement', 'cost', 'clicks', 'currency', 'ad_id', 'match_type', 'campaign_id', 'keyword_id'] app=mission-control version=0.1.0
2026-03-23 17:41:51: 2026-03-23 17:41:51,651 INFO app.services.ams_consumer ams_consumer.debug dataset=sp-traffic payload_type=dict keys=['advertiser_id', 'marketplace_id', 'dataset_id', 'impressions', 'idempotency_id', 'keyword_text', 'time_window_start', 'ad_group_id', 'placement', 'cost', 'clicks', 'currency', 'ad_id', 'match_type', 'campaign_id', 'keyword_id'] app=mission-control version=0.1.0
2026-03-23 17:41:51: 2026-03-23 17:41:51,651 INFO app.services.ams_consumer ams_consumer.parse_debug dataset=sp-traffic keys=['advertiser_id', 'marketplace_id', 'dataset_id', 'impressions', 'idempotency_id', 'keyword_text', 'time_window_start', 'ad_group_id', 'placement', 'cost', 'clicks', 'currency', 'ad_id', 'match_type', 'campaign_id', 'keyword_id'] app=mission-control version=0.1.0
2026-03-23 17:41:51: 2026-03-23 17:41:51,674 INFO app.services.ams_consumer ams_consumer.poll_done dataset=sp-traffic processed=10 failed=0 app=mission-control version=0.1.0
2026-03-23 17:41:57: 2026-03-23 17:41:57,018 INFO __main__ ams_worker.sigterm_received — shutting down gracefully app=mission-control version=0.1.0
2026-03-23 17:41:58: 2026-03-23 17:41:58,884 INFO app.core.logging logging.configured level=INFO format=text use_utc=False app=mission-control version=0.1.0
2026-03-23 17:41:58: 2026-03-23 17:41:58,960 INFO alembic.runtime.plugins setup plugin alembic.autogenerate.schemas app=mission-control version=0.1.0
2026-03-23 17:41:58: 2026-03-23 17:41:58,960 INFO alembic.runtime.plugins setup plugin alembic.autogenerate.tables app=mission-control version=0.1.0
2026-03-23 17:41:58: 2026-03-23 17:41:58,960 INFO alembic.runtime.plugins setup plugin alembic.autogenerate.types app=mission-control version=0.1.0
2026-03-23 17:41:58: 2026-03-23 17:41:58,960 INFO alembic.runtime.plugins setup plugin alembic.autogenerate.constraints app=mission-control version=0.1.0
2026-03-23 17:41:58: 2026-03-23 17:41:58,960 INFO alembic.runtime.plugins setup plugin alembic.autogenerate.defaults app=mission-control version=0.1.0
2026-03-23 17:41:58: 2026-03-23 17:41:58,960 INFO alembic.runtime.plugins setup plugin alembic.autogenerate.comments app=mission-control version=0.1.0
2026-03-23 17:41:59: 2026-03-23 17:41:59,196 INFO __main__ ams_worker.started dry_run=False app=mission-control version=0.1.0
2026-03-23 17:41:59: 2026-03-23 17:41:59,423 INFO app.services.ams_consumer ams_consumer.poll_done dataset=sp-traffic processed=10 failed=0 app=mission-control version=0.1.0
2026-03-23 17:43:05: 2026-03-23 17:43:05,070 INFO app.services.ams_consumer ams_consumer.poll_done dataset=sp-traffic processed=10 failed=0 app=mission-control version=0.1.0
2026-03-23 17:44:10: 2026-03-23 17:44:10,781 INFO app.services.ams_consumer ams_consumer.poll_done dataset=sp-traffic processed=10 failed=0 app=mission-control version=0.1.0
2026-03-23 17:45:16: 2026-03-23 17:45:16,500 INFO app.services.ams_consumer ams_consumer.poll_done dataset=sp-traffic processed=4 failed=0 app=mission-control version=0.1.0
2026-03-23 17:46:22: 2026-03-23 17:46:22,167 INFO app.services.ams_consumer ams_consumer.poll_done dataset=sp-traffic processed=10 failed=0 app=mission-control version=0.1.0
2026-03-23 17:47:27: 2026-03-23 17:47:27,881 INFO app.services.ams_consumer ams_consumer.poll_done dataset=sp-traffic processed=10 failed=0 app=mission-control version=0.1.0
2026-03-23 17:48:33: 2026-03-23 17:48:33,595 INFO app.services.ams_consumer ams_consumer.poll_done dataset=sp-traffic processed=4 failed=0 app=mission-control version=0.1.0
2026-03-23 17:49:39: 2026-03-23 17:49:39,324 INFO app.services.ams_consumer ams_consumer.poll_done dataset=sp-traffic processed=7 failed=0 app=mission-control version=0.1.0
2026-03-23 17:49:59: 2026-03-23 17:49:59,717 INFO app.services.ams_consumer ams_consumer.poll_done dataset=budget-usage processed=1 failed=0 app=mission-control version=0.1.0
2026-03-23 17:50:25: 2026-03-23 17:50:25,067 INFO app.services.ams_consumer ams_consumer.poll_done dataset=sp-traffic processed=10 failed=0 app=mission-control version=0.1.0
2026-03-23 17:51:30: 2026-03-23 17:51:30,793 INFO app.services.ams_consumer ams_consumer.poll_done dataset=sp-traffic processed=2 failed=0 app=mission-control version=0.1.0
2026-03-23 17:52:11: 2026-03-23 17:52:11,339 INFO app.services.ams_consumer ams_consumer.poll_done dataset=campaigns processed=2 failed=0 app=mission-control version=0.1.0
2026-03-23 17:52:16: 2026-03-23 17:52:16,563 INFO app.services.ams_consumer ams_consumer.poll_done dataset=sp-traffic processed=1 failed=0 app=mission-control version=0.1.0
2026-03-23 17:52:36: 2026-03-23 17:52:36,970 INFO app.services.ams_consumer ams_consumer.poll_done dataset=budget-usage processed=1 failed=0 app=mission-control version=0.1.0
2026-03-23 17:52:37: 2026-03-23 17:52:37,172 INFO app.services.ams_consumer ams_consumer.poll_done dataset=campaigns processed=3 failed=0 app=mission-control version=0.1.0
2026-03-23 17:52:42: 2026-03-23 17:52:42,383 INFO app.services.ams_consumer ams_consumer.poll_done dataset=sp-traffic processed=10 failed=0 app=mission-control version=0.1.0
2026-03-23 17:53:02: 2026-03-23 17:53:02,747 INFO app.services.ams_consumer ams_consumer.poll_done dataset=budget-usage processed=1 failed=0 app=mission-control version=0.1.0
2026-03-23 17:53:02: 2026-03-23 17:53:02,954 INFO app.services.ams_consumer ams_consumer.poll_done dataset=campaigns processed=3 failed=0 app=mission-control version=0.1.0
2026-03-23 17:53:08: 2026-03-23 17:53:08,200 INFO app.services.ams_consumer ams_consumer.poll_done dataset=sp-traffic processed=4 failed=0 app=mission-control version=0.1.0
2026-03-23 17:53:28: 2026-03-23 17:53:28,548 INFO app.services.ams_consumer ams_consumer.poll_done dataset=budget-usage processed=2 failed=0 app=mission-control version=0.1.0
2026-03-23 17:53:28: 2026-03-23 17:53:28,761 INFO app.services.ams_consumer ams_consumer.poll_done dataset=campaigns processed=1 failed=0 app=mission-control version=0.1.0
2026-03-23 17:53:33: 2026-03-23 17:53:33,994 INFO app.services.ams_consumer ams_consumer.poll_done dataset=sp-traffic processed=5 failed=0 app=mission-control version=0.1.0
2026-03-23 17:53:54: 2026-03-23 17:53:54,388 INFO app.services.ams_consumer ams_consumer.poll_done dataset=budget-usage processed=1 failed=0 app=mission-control version=0.1.0
2026-03-23 17:53:54: 2026-03-23 17:53:54,604 INFO app.services.ams_consumer ams_consumer.poll_done dataset=campaigns processed=1 failed=0 app=mission-control version=0.1.0
2026-03-23 17:53:59: 2026-03-23 17:53:59,833 INFO app.services.ams_consumer ams_consumer.poll_done dataset=sp-traffic processed=1 failed=0 app=mission-control version=0.1.0
2026-03-23 17:54:37: 2026-03-23 17:54:37,969 INFO app.services.ams_consumer ams_consumer.poll_done dataset=budget-usage processed=1 failed=0 app=mission-control version=0.1.0
2026-03-23 17:55:03: 2026-03-23 17:55:03,384 INFO app.services.ams_consumer ams_consumer.poll_done dataset=sp-traffic processed=7 failed=0 app=mission-control version=0.1.0
2026-03-23 17:56:09: 2026-03-23 17:56:09,075 INFO app.services.ams_consumer ams_consumer.poll_done dataset=sp-traffic processed=3 failed=0 app=mission-control version=0.1.0
2026-03-23 17:56:29: 2026-03-23 17:56:29,524 INFO app.services.ams_consumer ams_consumer.poll_done dataset=budget-usage processed=1 failed=0 app=mission-control version=0.1.0
2026-03-23 17:56:55: 2026-03-23 17:56:55,058 INFO app.services.ams_consumer ams_consumer.poll_done dataset=sp-traffic processed=3 failed=0 app=mission-control version=0.1.0
2026-03-23 17:58:00: 2026-03-23 17:58:00,831 INFO app.services.ams_consumer ams_consumer.poll_done dataset=sp-traffic processed=5 failed=0 app=mission-control version=0.1.0
2026-03-23 18:04:03: 2026-03-23 18:04:03,904 INFO app.services.ams_consumer ams_consumer.poll_done dataset=budget-usage processed=1 failed=0 app=mission-control version=0.1.0
2026-03-23 18:06:15: 2026-03-23 18:06:15,173 INFO app.services.ams_consumer ams_consumer.poll_done dataset=sp-conversion processed=1 failed=0 app=mission-control version=0.1.0
2026-03-23 18:10:32: 2026-03-23 18:10:32,388 INFO app.services.ams_consumer ams_consumer.poll_done dataset=budget-usage processed=1 failed=0 app=mission-control version=0.1.0
2026-03-23 18:13:10: 2026-03-23 18:13:10,452 INFO app.services.ams_consumer ams_consumer.poll_done dataset=budget-usage processed=1 failed=0 app=mission-control version=0.1.0
2026-03-23 18:13:10: 2026-03-23 18:13:10,697 INFO app.services.ams_consumer ams_consumer.poll_done dataset=campaigns processed=1 failed=0 app=mission-control version=0.1.0
2026-03-23 18:13:56: 2026-03-23 18:13:56,271 INFO app.services.ams_consumer ams_consumer.poll_done dataset=budget-usage processed=1 failed=0 app=mission-control version=0.1.0
2026-03-23 18:16:27: 2026-03-23 18:16:27,660 INFO app.services.ams_consumer ams_consumer.poll_done dataset=budget-usage processed=1 failed=0 app=mission-control version=0.1.0
2026-03-23 18:16:27: 2026-03-23 18:16:27,893 INFO app.services.ams_consumer ams_consumer.poll_done dataset=campaigns processed=1 failed=0 app=mission-control version=0.1.0
2026-03-23 18:17:18: 2026-03-23 18:17:18,752 INFO app.services.ams_consumer ams_consumer.poll_done dataset=budget-usage processed=1 failed=0 app=mission-control version=0.1.0
2026-03-23 18:17:18: 2026-03-23 18:17:18,967 INFO app.services.ams_consumer ams_consumer.poll_done dataset=campaigns processed=1 failed=0 app=mission-control version=0.1.0
2026-03-23 18:18:24: 2026-03-23 18:18:24,680 INFO app.services.ams_consumer ams_consumer.poll_done dataset=campaigns processed=1 failed=0 app=mission-control version=0.1.0
2026-03-23 18:24:12: 2026-03-23 18:24:12,582 INFO app.services.ams_consumer ams_consumer.poll_done dataset=sp-traffic processed=1 failed=0 app=mission-control version=0.1.0
2026-03-23 18:25:18: 2026-03-23 18:25:18,324 INFO app.services.ams_consumer ams_consumer.poll_done dataset=sp-traffic processed=1 failed=0 app=mission-control version=0.1.0
2026-03-23 18:26:24: 2026-03-23 18:26:24,047 INFO app.services.ams_consumer ams_consumer.poll_done dataset=sp-traffic processed=1 failed=0 app=mission-control version=0.1.0
2026-03-23 18:26:34: 2026-03-23 18:26:34,592 INFO app.services.ams_consumer ams_consumer.poll_done dataset=sp-conversion processed=1 failed=0 app=mission-control version=0.1.0
2026-03-23 18:27:20: 2026-03-23 18:27:20,168 INFO app.services.ams_consumer ams_consumer.poll_done dataset=sp-traffic processed=8 failed=0 app=mission-control version=0.1.0
2026-03-23 18:27:40: 2026-03-23 18:27:40,570 INFO app.services.ams_consumer ams_consumer.poll_done dataset=budget-usage processed=1 failed=0 app=mission-control version=0.1.0
2026-03-23 18:27:40: 2026-03-23 18:27:40,781 INFO app.services.ams_consumer ams_consumer.poll_done dataset=campaigns processed=1 failed=0 app=mission-control version=0.1.0
2026-03-23 18:27:46: 2026-03-23 18:27:46,024 INFO app.services.ams_consumer ams_consumer.poll_done dataset=sp-traffic processed=7 failed=0 app=mission-control version=0.1.0
2026-03-23 18:28:51: 2026-03-23 18:28:51,763 INFO app.services.ams_consumer ams_consumer.poll_done dataset=sp-traffic processed=5 failed=0 app=mission-control version=0.1.0
2026-03-23 18:29:57: 2026-03-23 18:29:57,458 INFO app.services.ams_consumer ams_consumer.poll_done dataset=sp-traffic processed=10 failed=0 app=mission-control version=0.1.0
2026-03-23 18:30:17: 2026-03-23 18:30:17,879 INFO app.services.ams_consumer ams_consumer.poll_done dataset=budget-usage processed=1 failed=0 app=mission-control version=0.1.0
2026-03-23 18:30:43: 2026-03-23 18:30:43,242 INFO app.services.ams_consumer ams_consumer.poll_done dataset=sp-traffic processed=10 failed=0 app=mission-control version=0.1.0
2026-03-23 18:31:07: 2026-03-23 18:31:07,983 INFO app.services.ams_consumer ams_consumer.poll_done dataset=budget-usage processed=1 failed=0 app=mission-control version=0.1.0
2026-03-23 18:31:33: 2026-03-23 18:31:33,408 INFO app.services.ams_consumer ams_consumer.poll_done dataset=sp-traffic processed=5 failed=0 app=mission-control version=0.1.0
2026-03-23 18:31:53: 2026-03-23 18:31:53,781 INFO app.services.ams_consumer ams_consumer.poll_done dataset=budget-usage processed=1 failed=0 app=mission-control version=0.1.0
2026-03-23 18:32:19: 2026-03-23 18:32:19,151 INFO app.services.ams_consumer ams_consumer.poll_done dataset=sp-traffic processed=10 failed=0 app=mission-control version=0.1.0
2026-03-23 18:33:24: 2026-03-23 18:33:24,893 INFO app.services.ams_consumer ams_consumer.poll_done dataset=sp-traffic processed=5 failed=0 app=mission-control version=0.1.0
2026-03-23 18:33:45: 2026-03-23 18:33:45,267 INFO app.services.ams_consumer ams_consumer.poll_done dataset=budget-usage processed=1 failed=0 app=mission-control version=0.1.0
2026-03-23 18:34:10: 2026-03-23 18:34:10,815 INFO app.services.ams_consumer ams_consumer.poll_done dataset=sp-traffic processed=10 failed=0 app=mission-control version=0.1.0
2026-03-23 18:35:16: 2026-03-23 18:35:16,491 INFO app.services.ams_consumer ams_consumer.poll_done dataset=sp-traffic processed=10 failed=0 app=mission-control version=0.1.0
2026-03-23 18:36:22: 2026-03-23 18:36:22,210 INFO app.services.ams_consumer ams_consumer.poll_done dataset=sp-traffic processed=10 failed=0 app=mission-control version=0.1.0
2026-03-23 18:37:27: 2026-03-23 18:37:27,932 INFO app.services.ams_consumer ams_consumer.poll_done dataset=sp-traffic processed=10 failed=0 app=mission-control version=0.1.0
2026-03-23 18:38:33: 2026-03-23 18:38:33,583 INFO app.services.ams_consumer ams_consumer.poll_done dataset=sp-traffic processed=10 failed=0 app=mission-control version=0.1.0
2026-03-23 18:38:58: 2026-03-23 18:38:58,832 INFO app.services.ams_consumer ams_consumer.poll_done dataset=budget-usage processed=1 failed=0 app=mission-control version=0.1.0
2026-03-23 18:39:15: 2026-03-23 18:39:15,859 INFO app.services.ams_consumer ams_consumer.poll_done dataset=campaigns processed=1 failed=0 app=mission-control version=0.1.0
2026-03-23 18:39:21: 2026-03-23 18:39:21,102 INFO app.services.ams_consumer ams_consumer.poll_done dataset=sp-traffic processed=7 failed=0 app=mission-control version=0.1.0
2026-03-23 18:39:41: 2026-03-23 18:39:41,497 INFO app.services.ams_consumer ams_consumer.poll_done dataset=budget-usage processed=1 failed=0 app=mission-control version=0.1.0
2026-03-23 18:39:41: 2026-03-23 18:39:41,742 INFO app.services.ams_consumer ams_consumer.poll_done dataset=campaigns processed=1 failed=0 app=mission-control version=0.1.0
2026-03-23 18:39:46: 2026-03-23 18:39:46,990 INFO app.services.ams_consumer ams_consumer.poll_done dataset=sp-traffic processed=10 failed=0 app=mission-control version=0.1.0
2026-03-23 18:40:07: 2026-03-23 18:40:07,370 INFO app.services.ams_consumer ams_consumer.poll_done dataset=budget-usage processed=1 failed=0 app=mission-control version=0.1.0
2026-03-23 18:40:07: 2026-03-23 18:40:07,592 INFO app.services.ams_consumer ams_consumer.poll_done dataset=campaigns processed=2 failed=0 app=mission-control version=0.1.0
2026-03-23 18:40:12: 2026-03-23 18:40:12,822 INFO app.services.ams_consumer ams_consumer.poll_done dataset=sp-traffic processed=5 failed=0 app=mission-control version=0.1.0
2026-03-23 18:41:18: 2026-03-23 18:41:18,541 INFO app.services.ams_consumer ams_consumer.poll_done dataset=sp-traffic processed=10 failed=0 app=mission-control version=0.1.0
2026-03-23 18:42:24: 2026-03-23 18:42:24,264 INFO app.services.ams_consumer ams_consumer.poll_done dataset=sp-traffic processed=3 failed=0 app=mission-control version=0.1.0
2026-03-23 18:43:03: 2026-03-23 18:43:03,206 INFO app.services.ams_consumer ams_consumer.poll_done dataset=budget-usage processed=1 failed=0 app=mission-control version=0.1.0
2026-03-23 18:43:28: 2026-03-23 18:43:28,604 INFO app.services.ams_consumer ams_consumer.poll_done dataset=sp-traffic processed=4 failed=0 app=mission-control version=0.1.0
2026-03-23 18:44:34: 2026-03-23 18:44:34,353 INFO app.services.ams_consumer ams_consumer.poll_done dataset=sp-traffic processed=9 failed=0 app=mission-control version=0.1.0
2026-03-23 18:45:40: 2026-03-23 18:45:40,062 INFO app.services.ams_consumer ams_consumer.poll_done dataset=sp-traffic processed=10 failed=0 app=mission-control version=0.1.0
2026-03-23 18:46:00: 2026-03-23 18:46:00,457 INFO app.services.ams_consumer ams_consumer.poll_done dataset=budget-usage processed=1 failed=0 app=mission-control version=0.1.0
2026-03-23 18:46:25: 2026-03-23 18:46:25,876 INFO app.services.ams_consumer ams_consumer.poll_done dataset=sp-traffic processed=10 failed=0 app=mission-control version=0.1.0
2026-03-23 18:46:46: 2026-03-23 18:46:46,289 INFO app.services.ams_consumer ams_consumer.poll_done dataset=budget-usage processed=1 failed=0 app=mission-control version=0.1.0
2026-03-23 18:47:11: 2026-03-23 18:47:11,704 INFO app.services.ams_consumer ams_consumer.poll_done dataset=sp-traffic processed=9 failed=0 app=mission-control version=0.1.0
2026-03-23 18:48:17: 2026-03-23 18:48:17,446 INFO app.services.ams_consumer ams_consumer.poll_done dataset=sp-traffic processed=6 failed=0 app=mission-control version=0.1.0
2026-03-23 18:50:03: 2026-03-23 18:50:03,602 INFO app.services.ams_consumer ams_consumer.poll_done dataset=budget-usage processed=1 failed=0 app=mission-control version=0.1.0
2026-03-23 18:52:34: 2026-03-23 18:52:34,973 INFO app.services.ams_consumer ams_consumer.poll_done dataset=budget-usage processed=1 failed=0 app=mission-control version=0.1.0
2026-03-23 18:56:32: 2026-03-23 18:56:32,248 INFO app.services.ams_consumer ams_consumer.poll_done dataset=budget-usage processed=1 failed=0 app=mission-control version=0.1.0
2026-03-23 18:57:37: 2026-03-23 18:57:37,992 INFO app.services.ams_consumer ams_consumer.poll_done dataset=budget-usage processed=1 failed=0 app=mission-control version=0.1.0
2026-03-23 19:00:09: 2026-03-23 19:00:09,367 INFO app.services.ams_consumer ams_consumer.poll_done dataset=budget-usage processed=1 failed=0 app=mission-control version=0.1.0
2026-03-23 19:00:09: 2026-03-23 19:00:09,591 INFO app.services.ams_consumer ams_consumer.poll_done dataset=campaigns processed=1 failed=0 app=mission-control version=0.1.0
2026-03-23 19:06:37: 2026-03-23 19:06:37,818 INFO app.services.ams_consumer ams_consumer.poll_done dataset=budget-usage processed=1 failed=0 app=mission-control version=0.1.0
2026-03-23 19:07:46: 2026-03-23 19:07:46,953 INFO app.services.ams_consumer ams_consumer.poll_done dataset=budget-usage processed=1 failed=0 app=mission-control version=0.1.0
2026-03-23 19:14:35: 2026-03-23 19:14:35,870 INFO app.services.ams_consumer ams_consumer.poll_done dataset=budget-usage processed=1 failed=0 app=mission-control version=0.1.0
2026-03-23 19:14:36: 2026-03-23 19:14:36,089 INFO app.services.ams_consumer ams_consumer.poll_done dataset=campaigns processed=1 failed=0 app=mission-control version=0.1.0
2026-03-23 19:15:41: 2026-03-23 19:15:41,877 INFO app.services.ams_consumer ams_consumer.poll_done dataset=campaigns processed=1 failed=0 app=mission-control version=0.1.0
2026-03-23 19:16:36: 2026-03-23 19:16:36,571 INFO app.services.ams_consumer ams_consumer.poll_done dataset=budget-usage processed=1 failed=0 app=mission-control version=0.1.0
2026-03-23 19:19:08: 2026-03-23 19:19:08,008 INFO app.services.ams_consumer ams_consumer.poll_done dataset=budget-usage processed=1 failed=0 app=mission-control version=0.1.0
2026-03-23 19:26:41: 2026-03-23 19:26:41,752 INFO app.services.ams_consumer ams_consumer.poll_done dataset=sp-traffic processed=1 failed=0 app=mission-control version=0.1.0
2026-03-23 19:27:47: 2026-03-23 19:27:47,586 INFO app.services.ams_consumer ams_consumer.poll_done dataset=sp-traffic processed=1 failed=0 app=mission-control version=0.1.0
2026-03-23 19:27:47: 2026-03-23 19:27:47,803 INFO app.services.ams_consumer ams_consumer.poll_done dataset=sp-conversion processed=1 failed=0 app=mission-control version=0.1.0
2026-03-23 19:28:33: 2026-03-23 19:28:33,430 INFO app.services.ams_consumer ams_consumer.poll_done dataset=sp-traffic processed=2 failed=0 app=mission-control version=0.1.0
2026-03-23 19:28:33: 2026-03-23 19:28:33,647 INFO app.services.ams_consumer ams_consumer.poll_done dataset=sp-conversion processed=1 failed=0 app=mission-control version=0.1.0
2026-03-23 19:29:19: 2026-03-23 19:29:19,193 INFO app.services.ams_consumer ams_consumer.poll_done dataset=sp-traffic processed=2 failed=0 app=mission-control version=0.1.0
2026-03-23 19:29:19: 2026-03-23 19:29:19,443 INFO app.services.ams_consumer ams_consumer.poll_done dataset=sp-conversion processed=2 failed=0 app=mission-control version=0.1.0
2026-03-23 19:30:04: 2026-03-23 19:30:04,971 INFO app.services.ams_consumer ams_consumer.poll_done dataset=sp-traffic processed=2 failed=0 app=mission-control version=0.1.0
2026-03-23 19:30:05: 2026-03-23 19:30:05,184 INFO app.services.ams_consumer ams_consumer.poll_done dataset=sp-conversion processed=1 failed=0 app=mission-control version=0.1.0
2026-03-23 19:30:50: 2026-03-23 19:30:50,886 INFO app.services.ams_consumer ams_consumer.poll_done dataset=sp-traffic processed=3 failed=0 app=mission-control version=0.1.0
2026-03-23 19:31:56: 2026-03-23 19:31:56,634 INFO app.services.ams_consumer ams_consumer.poll_done dataset=sp-traffic processed=7 failed=0 app=mission-control version=0.1.0
2026-03-23 20:30:01: 2026-03-23 20:30:01,131 INFO app.core.logging logging.configured level=INFO format=text use_utc=False app=mission-control version=0.1.0
2026-03-23 20:30:01: 2026-03-23 20:30:01,207 INFO alembic.runtime.plugins setup plugin alembic.autogenerate.schemas app=mission-control version=0.1.0
2026-03-23 20:30:01: 2026-03-23 20:30:01,207 INFO alembic.runtime.plugins setup plugin alembic.autogenerate.tables app=mission-control version=0.1.0
2026-03-23 20:30:01: 2026-03-23 20:30:01,207 INFO alembic.runtime.plugins setup plugin alembic.autogenerate.types app=mission-control version=0.1.0
2026-03-23 20:30:01: 2026-03-23 20:30:01,207 INFO alembic.runtime.plugins setup plugin alembic.autogenerate.constraints app=mission-control version=0.1.0
2026-03-23 20:30:01: 2026-03-23 20:30:01,207 INFO alembic.runtime.plugins setup plugin alembic.autogenerate.defaults app=mission-control version=0.1.0
2026-03-23 20:30:01: 2026-03-23 20:30:01,207 INFO alembic.runtime.plugins setup plugin alembic.autogenerate.comments app=mission-control version=0.1.0
2026-03-23 20:30:01: 2026-03-23 20:30:01,441 INFO __main__ ams_worker.started dry_run=False app=mission-control version=0.1.0
2026-03-23 20:30:21: 2026-03-23 20:30:21,749 INFO app.services.ams_consumer ams_consumer.placement_found placement=Top of Search on-Amazon campaign=374369318636497 app=mission-control version=0.1.0
2026-03-23 20:30:21: 2026-03-23 20:30:21,877 INFO app.services.ams_consumer ams_consumer.poll_done dataset=sp-conversion processed=1 failed=0 app=mission-control version=0.1.0
2026-03-23 20:30:22: 2026-03-23 20:30:22,060 INFO app.services.ams_consumer ams_consumer.poll_done dataset=budget-usage processed=1 failed=0 app=mission-control version=0.1.0
2026-03-23 20:30:59: 2026-03-23 20:30:59,807 INFO __main__ ams_worker.sigterm_received — shutting down gracefully app=mission-control version=0.1.0
2026-03-23 20:31:01: 2026-03-23 20:31:01,675 INFO app.core.logging logging.configured level=INFO format=text use_utc=False app=mission-control version=0.1.0
2026-03-23 20:31:01: 2026-03-23 20:31:01,753 INFO alembic.runtime.plugins setup plugin alembic.autogenerate.schemas app=mission-control version=0.1.0
2026-03-23 20:31:01: 2026-03-23 20:31:01,754 INFO alembic.runtime.plugins setup plugin alembic.autogenerate.tables app=mission-control version=0.1.0
2026-03-23 20:31:01: 2026-03-23 20:31:01,754 INFO alembic.runtime.plugins setup plugin alembic.autogenerate.types app=mission-control version=0.1.0
2026-03-23 20:31:01: 2026-03-23 20:31:01,754 INFO alembic.runtime.plugins setup plugin alembic.autogenerate.constraints app=mission-control version=0.1.0
2026-03-23 20:31:01: 2026-03-23 20:31:01,754 INFO alembic.runtime.plugins setup plugin alembic.autogenerate.defaults app=mission-control version=0.1.0
2026-03-23 20:31:01: 2026-03-23 20:31:01,754 INFO alembic.runtime.plugins setup plugin alembic.autogenerate.comments app=mission-control version=0.1.0
2026-03-23 20:31:01: 2026-03-23 20:31:01,997 INFO __main__ ams_worker.started dry_run=False app=mission-control version=0.1.0
2026-03-23 20:31:22: 2026-03-23 20:31:22,449 INFO app.services.ams_consumer ams_consumer.poll_done dataset=sp-conversion processed=1 failed=0 app=mission-control version=0.1.0
2026-03-24 11:53:47: 2026-03-24 11:53:47,155 INFO app.core.logging logging.configured level=INFO format=text use_utc=False app=mission-control version=0.1.0
2026-03-24 11:53:47: 2026-03-24 11:53:47,231 INFO alembic.runtime.plugins setup plugin alembic.autogenerate.schemas app=mission-control version=0.1.0
2026-03-24 11:53:47: 2026-03-24 11:53:47,231 INFO alembic.runtime.plugins setup plugin alembic.autogenerate.tables app=mission-control version=0.1.0
2026-03-24 11:53:47: 2026-03-24 11:53:47,231 INFO alembic.runtime.plugins setup plugin alembic.autogenerate.types app=mission-control version=0.1.0
2026-03-24 11:53:47: 2026-03-24 11:53:47,231 INFO alembic.runtime.plugins setup plugin alembic.autogenerate.constraints app=mission-control version=0.1.0
2026-03-24 11:53:47: 2026-03-24 11:53:47,231 INFO alembic.runtime.plugins setup plugin alembic.autogenerate.defaults app=mission-control version=0.1.0
2026-03-24 11:53:47: 2026-03-24 11:53:47,231 INFO alembic.runtime.plugins setup plugin alembic.autogenerate.comments app=mission-control version=0.1.0
2026-03-24 11:53:47: 2026-03-24 11:53:47,522 INFO __main__ ams_worker.started dry_run=False app=mission-control version=0.1.0
2026-03-24 11:54:28: 2026-03-24 11:54:28,025 INFO app.services.ams_consumer ams_consumer.poll_done dataset=budget-usage processed=1 failed=0 app=mission-control version=0.1.0
2026-03-24 11:54:28: 2026-03-24 11:54:28,260 INFO app.services.ams_consumer ams_consumer.poll_done dataset=campaigns processed=1 failed=0 app=mission-control version=0.1.0
2026-03-24 11:55:13: 2026-03-24 11:55:13,866 INFO app.services.ams_consumer ams_consumer.poll_done dataset=budget-usage processed=2 failed=0 app=mission-control version=0.1.0
2026-03-24 11:55:14: 2026-03-24 11:55:14,098 INFO app.services.ams_consumer ams_consumer.poll_done dataset=campaigns processed=1 failed=0 app=mission-control version=0.1.0
2026-03-24 11:57:25: 2026-03-24 11:57:25,383 INFO app.services.ams_consumer ams_consumer.poll_done dataset=budget-usage processed=1 failed=0 app=mission-control version=0.1.0
2026-03-24 11:57:50: 2026-03-24 11:57:50,850 INFO app.services.ams_consumer ams_consumer.poll_done dataset=sp-traffic processed=1 failed=0 app=mission-control version=0.1.0
2026-03-24 12:01:07: 2026-03-24 12:01:07,307 INFO app.services.ams_consumer ams_consumer.poll_done dataset=budget-usage processed=1 failed=0 app=mission-control version=0.1.0
2026-03-24 12:01:11: 2026-03-24 12:01:11,098 INFO app.services.ams_consumer ams_consumer.poll_done dataset=campaigns processed=1 failed=0 app=mission-control version=0.1.0
2026-03-24 12:01:56: 2026-03-24 12:01:56,701 INFO app.services.ams_consumer ams_consumer.poll_done dataset=budget-usage processed=1 failed=0 app=mission-control version=0.1.0
2026-03-24 12:03:02: 2026-03-24 12:03:02,401 INFO app.services.ams_consumer ams_consumer.poll_done dataset=budget-usage processed=1 failed=0 app=mission-control version=0.1.0
2026-03-24 12:04:16: 2026-03-24 12:04:16,311 INFO app.services.ams_consumer ams_consumer.poll_done dataset=budget-usage processed=1 failed=0 app=mission-control version=0.1.0
2026-03-24 12:04:25: 2026-03-24 12:04:25,956 INFO app.services.ams_consumer ams_consumer.poll_done dataset=campaigns processed=1 failed=0 app=mission-control version=0.1.0
2026-03-24 12:05:11: 2026-03-24 12:05:11,522 INFO app.services.ams_consumer ams_consumer.poll_done dataset=budget-usage processed=2 failed=0 app=mission-control version=0.1.0
2026-03-24 12:05:11: 2026-03-24 12:05:11,716 INFO app.services.ams_consumer ams_consumer.poll_done dataset=campaigns processed=1 failed=0 app=mission-control version=0.1.0
2026-03-24 12:05:57: 2026-03-24 12:05:57,262 INFO app.services.ams_consumer ams_consumer.poll_done dataset=budget-usage processed=2 failed=0 app=mission-control version=0.1.0
2026-03-24 12:05:57: 2026-03-24 12:05:57,470 INFO app.services.ams_consumer ams_consumer.poll_done dataset=campaigns processed=4 failed=0 app=mission-control version=0.1.0
2026-03-24 12:07:03: 2026-03-24 12:07:03,220 INFO app.services.ams_consumer ams_consumer.poll_done dataset=campaigns processed=1 failed=0 app=mission-control version=0.1.0
2026-03-24 12:07:12: 2026-03-24 12:07:12,176 INFO app.services.ams_consumer ams_consumer.poll_done dataset=sp-traffic processed=1 failed=0 app=mission-control version=0.1.0
2026-03-24 12:07:32: 2026-03-24 12:07:32,655 INFO app.services.ams_consumer ams_consumer.poll_done dataset=budget-usage processed=1 failed=0 app=mission-control version=0.1.0
2026-03-24 12:07:32: 2026-03-24 12:07:32,839 INFO app.services.ams_consumer ams_consumer.poll_done dataset=campaigns processed=1 failed=0 app=mission-control version=0.1.0
2026-03-24 12:07:38: 2026-03-24 12:07:38,105 INFO app.services.ams_consumer ams_consumer.poll_done dataset=sp-traffic processed=1 failed=0 app=mission-control version=0.1.0
2026-03-24 12:07:58: 2026-03-24 12:07:58,497 INFO app.services.ams_consumer ams_consumer.poll_done dataset=budget-usage processed=1 failed=0 app=mission-control version=0.1.0
2026-03-24 12:07:58: 2026-03-24 12:07:58,745 INFO app.services.ams_consumer ams_consumer.poll_done dataset=campaigns processed=1 failed=0 app=mission-control version=0.1.0
2026-03-24 12:08:44: 2026-03-24 12:08:44,324 INFO app.services.ams_consumer ams_consumer.poll_done dataset=budget-usage processed=1 failed=0 app=mission-control version=0.1.0
2026-03-24 12:08:44: 2026-03-24 12:08:44,555 INFO app.services.ams_consumer ams_consumer.poll_done dataset=campaigns processed=1 failed=0 app=mission-control version=0.1.0
2026-03-24 12:09:30: 2026-03-24 12:09:30,133 INFO app.services.ams_consumer ams_consumer.poll_done dataset=budget-usage processed=1 failed=0 app=mission-control version=0.1.0
2026-03-24 12:09:30: 2026-03-24 12:09:30,505 INFO app.services.ams_consumer ams_consumer.poll_done dataset=campaigns processed=1 failed=0 app=mission-control version=0.1.0
2026-03-24 12:09:47: 2026-03-24 12:09:47,931 INFO app.services.ams_consumer ams_consumer.poll_done dataset=sp-traffic processed=1 failed=0 app=mission-control version=0.1.0
2026-03-24 12:10:53: 2026-03-24 12:10:53,641 INFO app.services.ams_consumer ams_consumer.poll_done dataset=sp-traffic processed=1 failed=0 app=mission-control version=0.1.0
2026-03-24 12:10:53: 2026-03-24 12:10:53,911 INFO app.services.ams_consumer ams_consumer.poll_done dataset=sp-conversion processed=1 failed=0 app=mission-control version=0.1.0
2026-03-24 12:11:39: 2026-03-24 12:11:39,443 INFO app.services.ams_consumer ams_consumer.poll_done dataset=sp-traffic processed=1 failed=0 app=mission-control version=0.1.0
2026-03-24 12:12:45: 2026-03-24 12:12:45,226 INFO app.services.ams_consumer ams_consumer.poll_done dataset=sp-traffic processed=3 failed=0 app=mission-control version=0.1.0
2026-03-24 12:13:50: 2026-03-24 12:13:50,956 INFO app.services.ams_consumer ams_consumer.poll_done dataset=sp-traffic processed=7 failed=0 app=mission-control version=0.1.0
2026-03-24 12:14:11: 2026-03-24 12:14:11,393 INFO app.services.ams_consumer ams_consumer.poll_done dataset=budget-usage processed=1 failed=0 app=mission-control version=0.1.0
2026-03-24 12:14:28: 2026-03-24 12:14:28,792 INFO app.services.ams_consumer ams_consumer.poll_done dataset=campaigns processed=1 failed=0 app=mission-control version=0.1.0
2026-03-24 12:14:34: 2026-03-24 12:14:34,043 INFO app.services.ams_consumer ams_consumer.poll_done dataset=sp-traffic processed=8 failed=0 app=mission-control version=0.1.0
2026-03-24 12:14:54: 2026-03-24 12:14:54,430 INFO app.services.ams_consumer ams_consumer.poll_done dataset=budget-usage processed=1 failed=0 app=mission-control version=0.1.0
2026-03-24 12:15:19: 2026-03-24 12:15:19,855 INFO app.services.ams_consumer ams_consumer.poll_done dataset=sp-traffic processed=10 failed=0 app=mission-control version=0.1.0
2026-03-24 12:16:25: 2026-03-24 12:16:25,570 INFO app.services.ams_consumer ams_consumer.poll_done dataset=sp-traffic processed=2 failed=0 app=mission-control version=0.1.0
2026-03-24 12:17:31: 2026-03-24 12:17:31,318 INFO app.services.ams_consumer ams_consumer.poll_done dataset=sp-traffic processed=2 failed=0 app=mission-control version=0.1.0
2026-03-24 12:18:37: 2026-03-24 12:18:37,057 INFO app.services.ams_consumer ams_consumer.poll_done dataset=sp-traffic processed=10 failed=0 app=mission-control version=0.1.0
2026-03-24 12:19:42: 2026-03-24 12:19:42,752 INFO app.services.ams_consumer ams_consumer.poll_done dataset=sp-traffic processed=10 failed=0 app=mission-control version=0.1.0
2026-03-24 12:20:12: 2026-03-24 12:20:12,336 INFO app.services.ams_consumer ams_consumer.poll_done dataset=budget-usage processed=1 failed=0 app=mission-control version=0.1.0
2026-03-24 12:20:37: 2026-03-24 12:20:37,732 INFO app.services.ams_consumer ams_consumer.poll_done dataset=sp-traffic processed=10 failed=0 app=mission-control version=0.1.0
2026-03-24 12:21:44: 2026-03-24 12:21:44,521 INFO app.services.ams_consumer ams_consumer.poll_done dataset=sp-traffic processed=5 failed=0 app=mission-control version=0.1.0
2026-03-24 12:22:50: 2026-03-24 12:22:50,243 INFO app.services.ams_consumer ams_consumer.poll_done dataset=sp-traffic processed=10 failed=0 app=mission-control version=0.1.0
2026-03-24 12:23:10: 2026-03-24 12:23:10,648 INFO app.services.ams_consumer ams_consumer.poll_done dataset=budget-usage processed=1 failed=0 app=mission-control version=0.1.0
2026-03-24 12:23:36: 2026-03-24 12:23:36,030 INFO app.services.ams_consumer ams_consumer.poll_done dataset=sp-traffic processed=10 failed=0 app=mission-control version=0.1.0
2026-03-24 12:24:41: 2026-03-24 12:24:41,811 INFO app.services.ams_consumer ams_consumer.poll_done dataset=sp-traffic processed=10 failed=0 app=mission-control version=0.1.0
2026-03-24 12:25:47: 2026-03-24 12:25:47,566 INFO app.services.ams_consumer ams_consumer.poll_done dataset=sp-traffic processed=10 failed=0 app=mission-control version=0.1.0
2026-03-24 12:26:53: 2026-03-24 12:26:53,499 INFO app.services.ams_consumer ams_consumer.poll_done dataset=sp-traffic processed=7 failed=0 app=mission-control version=0.1.0
2026-03-24 12:27:13: 2026-03-24 12:27:13,896 INFO app.services.ams_consumer ams_consumer.poll_done dataset=budget-usage processed=1 failed=0 app=mission-control version=0.1.0
2026-03-24 12:27:39: 2026-03-24 12:27:39,316 INFO app.services.ams_consumer ams_consumer.poll_done dataset=sp-traffic processed=10 failed=0 app=mission-control version=0.1.0
2026-03-24 12:28:45: 2026-03-24 12:28:45,067 INFO app.services.ams_consumer ams_consumer.poll_done dataset=sp-traffic processed=3 failed=0 app=mission-control version=0.1.0
2026-03-24 12:29:50: 2026-03-24 12:29:50,844 INFO app.services.ams_consumer ams_consumer.poll_done dataset=sp-traffic processed=4 failed=0 app=mission-control version=0.1.0
2026-03-24 12:30:56: 2026-03-24 12:30:56,853 INFO app.services.ams_consumer ams_consumer.poll_done dataset=sp-traffic processed=10 failed=0 app=mission-control version=0.1.0
2026-03-24 12:32:02: 2026-03-24 12:32:02,571 INFO app.services.ams_consumer ams_consumer.poll_done dataset=sp-traffic processed=10 failed=0 app=mission-control version=0.1.0
2026-03-24 12:33:08: 2026-03-24 12:33:08,311 INFO app.services.ams_consumer ams_consumer.poll_done dataset=sp-traffic processed=10 failed=0 app=mission-control version=0.1.0
2026-03-24 12:34:14: 2026-03-24 12:34:14,053 INFO app.services.ams_consumer ams_consumer.poll_done dataset=sp-traffic processed=10 failed=0 app=mission-control version=0.1.0
2026-03-24 12:34:34: 2026-03-24 12:34:34,447 INFO app.services.ams_consumer ams_consumer.poll_done dataset=budget-usage processed=1 failed=0 app=mission-control version=0.1.0
2026-03-24 12:34:59: 2026-03-24 12:34:59,836 INFO app.services.ams_consumer ams_consumer.poll_done dataset=sp-traffic processed=10 failed=0 app=mission-control version=0.1.0
2026-03-24 12:36:05: 2026-03-24 12:36:05,596 INFO app.services.ams_consumer ams_consumer.poll_done dataset=sp-traffic processed=10 failed=0 app=mission-control version=0.1.0
2026-03-24 12:37:11: 2026-03-24 12:37:11,393 INFO app.services.ams_consumer ams_consumer.poll_done dataset=sp-traffic processed=10 failed=0 app=mission-control version=0.1.0
2026-03-24 12:38:17: 2026-03-24 12:38:17,119 INFO app.services.ams_consumer ams_consumer.poll_done dataset=sp-traffic processed=3 failed=0 app=mission-control version=0.1.0
2026-03-24 12:39:22: 2026-03-24 12:39:22,876 INFO app.services.ams_consumer ams_consumer.poll_done dataset=sp-traffic processed=3 failed=0 app=mission-control version=0.1.0
2026-03-24 12:40:28: 2026-03-24 12:40:28,904 INFO app.services.ams_consumer ams_consumer.poll_done dataset=sp-traffic processed=1 failed=0 app=mission-control version=0.1.0
2026-03-24 12:40:49: 2026-03-24 12:40:49,270 INFO app.services.ams_consumer ams_consumer.poll_done dataset=budget-usage processed=1 failed=0 app=mission-control version=0.1.0
2026-03-24 12:41:14: 2026-03-24 12:41:14,651 INFO app.services.ams_consumer ams_consumer.poll_done dataset=sp-traffic processed=10 failed=0 app=mission-control version=0.1.0
2026-03-24 12:41:35: 2026-03-24 12:41:35,074 INFO app.services.ams_consumer ams_consumer.poll_done dataset=budget-usage processed=1 failed=0 app=mission-control version=0.1.0
2026-03-24 12:41:35: 2026-03-24 12:41:35,311 INFO app.services.ams_consumer ams_consumer.poll_done dataset=campaigns processed=1 failed=0 app=mission-control version=0.1.0
2026-03-24 12:41:40: 2026-03-24 12:41:40,583 INFO app.services.ams_consumer ams_consumer.poll_done dataset=sp-traffic processed=5 failed=0 app=mission-control version=0.1.0
2026-03-24 12:42:01: 2026-03-24 12:42:01,094 INFO app.services.ams_consumer ams_consumer.poll_done dataset=budget-usage processed=1 failed=0 app=mission-control version=0.1.0
2026-03-24 12:43:07: 2026-03-24 12:43:07,115 INFO app.services.ams_consumer ams_consumer.poll_done dataset=budget-usage processed=1 failed=0 app=mission-control version=0.1.0
2026-03-24 12:43:07: 2026-03-24 12:43:07,342 INFO app.services.ams_consumer ams_consumer.poll_done dataset=campaigns processed=1 failed=0 app=mission-control version=0.1.0
2026-03-24 12:43:52: 2026-03-24 12:43:52,922 INFO app.services.ams_consumer ams_consumer.poll_done dataset=budget-usage processed=2 failed=0 app=mission-control version=0.1.0
2026-03-24 12:43:53: 2026-03-24 12:43:53,115 INFO app.services.ams_consumer ams_consumer.poll_done dataset=campaigns processed=1 failed=0 app=mission-control version=0.1.0
2026-03-24 12:44:38: 2026-03-24 12:44:38,660 INFO app.services.ams_consumer ams_consumer.poll_done dataset=budget-usage processed=1 failed=0 app=mission-control version=0.1.0
2026-03-24 12:44:38: 2026-03-24 12:44:38,877 INFO app.services.ams_consumer ams_consumer.poll_done dataset=campaigns processed=2 failed=0 app=mission-control version=0.1.0
2026-03-24 12:45:24: 2026-03-24 12:45:24,452 INFO app.services.ams_consumer ams_consumer.poll_done dataset=budget-usage processed=1 failed=0 app=mission-control version=0.1.0
2026-03-24 12:45:24: 2026-03-24 12:45:24,694 INFO app.services.ams_consumer ams_consumer.poll_done dataset=campaigns processed=1 failed=0 app=mission-control version=0.1.0
2026-03-24 12:46:30: 2026-03-24 12:46:30,444 INFO app.services.ams_consumer ams_consumer.poll_done dataset=campaigns processed=1 failed=0 app=mission-control version=0.1.0
2026-03-24 12:47:36: 2026-03-24 12:47:36,155 INFO app.services.ams_consumer ams_consumer.poll_done dataset=campaigns processed=2 failed=0 app=mission-control version=0.1.0
2026-03-24 12:51:58: 2026-03-24 12:51:58,485 INFO app.services.ams_consumer ams_consumer.poll_done dataset=sp-traffic processed=1 failed=0 app=mission-control version=0.1.0
2026-03-24 12:53:04: 2026-03-24 12:53:04,199 INFO app.services.ams_consumer ams_consumer.poll_done dataset=sp-traffic processed=1 failed=0 app=mission-control version=0.1.0
2026-03-24 12:54:09: 2026-03-24 12:54:09,969 INFO app.services.ams_consumer ams_consumer.poll_done dataset=sp-traffic processed=1 failed=0 app=mission-control version=0.1.0
2026-03-24 12:55:56: 2026-03-24 12:55:56,424 INFO app.services.ams_consumer ams_consumer.poll_done dataset=budget-usage processed=1 failed=0 app=mission-control version=0.1.0
2026-03-24 13:02:45: 2026-03-24 13:02:45,055 INFO app.services.ams_consumer ams_consumer.poll_done dataset=budget-usage processed=2 failed=0 app=mission-control version=0.1.0
2026-03-24 13:03:38: 2026-03-24 13:03:38,079 INFO app.services.ams_consumer ams_consumer.poll_done dataset=sp-conversion processed=1 failed=0 app=mission-control version=0.1.0
2026-03-24 13:03:38: 2026-03-24 13:03:38,299 INFO app.services.ams_consumer ams_consumer.poll_done dataset=budget-usage processed=1 failed=0 app=mission-control version=0.1.0
2026-03-24 13:09:01: 2026-03-24 13:09:01,077 INFO app.services.ams_consumer ams_consumer.poll_done dataset=budget-usage processed=2 failed=0 app=mission-control version=0.1.0
2026-03-24 13:09:01: 2026-03-24 13:09:01,301 INFO app.services.ams_consumer ams_consumer.poll_done dataset=campaigns processed=1 failed=0 app=mission-control version=0.1.0
2026-03-24 13:09:46: 2026-03-24 13:09:46,858 INFO app.services.ams_consumer ams_consumer.poll_done dataset=budget-usage processed=1 failed=0 app=mission-control version=0.1.0
2026-03-24 13:09:47: 2026-03-24 13:09:47,081 INFO app.services.ams_consumer ams_consumer.poll_done dataset=campaigns processed=1 failed=0 app=mission-control version=0.1.0
2026-03-24 13:15:55: 2026-03-24 13:15:55,211 INFO app.services.ams_consumer ams_consumer.poll_done dataset=sp-conversion processed=1 failed=0 app=mission-control version=0.1.0
2026-03-24 13:16:07: 2026-03-24 13:16:07,133 INFO app.services.ams_consumer ams_consumer.poll_done dataset=budget-usage processed=1 failed=0 app=mission-control version=0.1.0
2026-03-24 13:17:12: 2026-03-24 13:17:12,916 INFO app.services.ams_consumer ams_consumer.poll_done dataset=budget-usage processed=1 failed=0 app=mission-control version=0.1.0
2026-03-24 13:18:18: 2026-03-24 13:18:18,662 INFO app.services.ams_consumer ams_consumer.poll_done dataset=budget-usage processed=1 failed=0 app=mission-control version=0.1.0
2026-03-24 13:20:50: 2026-03-24 13:20:50,061 INFO app.services.ams_consumer ams_consumer.poll_done dataset=budget-usage processed=1 failed=0 app=mission-control version=0.1.0
2026-03-24 13:21:55: 2026-03-24 13:21:55,988 INFO app.services.ams_consumer ams_consumer.poll_done dataset=budget-usage processed=1 failed=0 app=mission-control version=0.1.0
2026-03-24 13:23:01: 2026-03-24 13:23:01,709 INFO app.services.ams_consumer ams_consumer.poll_done dataset=budget-usage processed=1 failed=0 app=mission-control version=0.1.0
2026-03-24 13:24:07: 2026-03-24 13:24:07,458 INFO app.services.ams_consumer ams_consumer.poll_done dataset=budget-usage processed=1 failed=0 app=mission-control version=0.1.0
2026-03-24 13:24:53: 2026-03-24 13:24:53,097 INFO app.services.ams_consumer ams_consumer.poll_done dataset=sp-conversion processed=1 failed=0 app=mission-control version=0.1.0
2026-03-24 13:24:53: 2026-03-24 13:24:53,293 INFO app.services.ams_consumer ams_consumer.poll_done dataset=budget-usage processed=1 failed=0 app=mission-control version=0.1.0
2026-03-24 13:25:58: 2026-03-24 13:25:58,994 INFO app.services.ams_consumer ams_consumer.poll_done dataset=budget-usage processed=1 failed=0 app=mission-control version=0.1.0
2026-03-24 13:27:04: 2026-03-24 13:27:04,737 INFO app.services.ams_consumer ams_consumer.poll_done dataset=budget-usage processed=1 failed=0 app=mission-control version=0.1.0
2026-03-24 13:27:04: 2026-03-24 13:27:04,962 INFO app.services.ams_consumer ams_consumer.poll_done dataset=campaigns processed=1 failed=0 app=mission-control version=0.1.0
2026-03-24 13:27:50: 2026-03-24 13:27:50,545 INFO app.services.ams_consumer ams_consumer.poll_done dataset=budget-usage processed=1 failed=0 app=mission-control version=0.1.0
2026-03-24 13:28:15: 2026-03-24 13:28:15,933 INFO app.services.ams_consumer ams_consumer.poll_done dataset=sp-traffic processed=1 failed=0 app=mission-control version=0.1.0
2026-03-24 13:29:21: 2026-03-24 13:29:21,666 INFO app.services.ams_consumer ams_consumer.poll_done dataset=sp-traffic processed=1 failed=0 app=mission-control version=0.1.0
2026-03-24 13:30:27: 2026-03-24 13:30:27,379 INFO app.services.ams_consumer ams_consumer.poll_done dataset=sp-traffic processed=5 failed=0 app=mission-control version=0.1.0
2026-03-24 13:30:47: 2026-03-24 13:30:47,839 INFO app.services.ams_consumer ams_consumer.poll_done dataset=budget-usage processed=1 failed=0 app=mission-control version=0.1.0
2026-03-24 13:31:13: 2026-03-24 13:31:13,228 INFO app.services.ams_consumer ams_consumer.poll_done dataset=sp-traffic processed=1 failed=0 app=mission-control version=0.1.0
2026-03-24 13:31:53: 2026-03-24 13:31:53,270 INFO app.services.ams_consumer ams_consumer.poll_done dataset=budget-usage processed=1 failed=0 app=mission-control version=0.1.0
2026-03-24 13:32:18: 2026-03-24 13:32:18,692 INFO app.services.ams_consumer ams_consumer.poll_done dataset=sp-traffic processed=2 failed=0 app=mission-control version=0.1.0
2026-03-24 13:32:56: 2026-03-24 13:32:56,333 INFO app.services.ams_consumer ams_consumer.poll_done dataset=budget-usage processed=1 failed=0 app=mission-control version=0.1.0
2026-03-24 13:33:21: 2026-03-24 13:33:21,729 INFO app.services.ams_consumer ams_consumer.poll_done dataset=sp-traffic processed=4 failed=0 app=mission-control version=0.1.0
2026-03-24 13:34:27: 2026-03-24 13:34:27,490 INFO app.services.ams_consumer ams_consumer.poll_done dataset=sp-traffic processed=6 failed=0 app=mission-control version=0.1.0
2026-03-24 13:35:33: 2026-03-24 13:35:33,279 INFO app.services.ams_consumer ams_consumer.poll_done dataset=sp-traffic processed=6 failed=0 app=mission-control version=0.1.0
2026-03-24 13:36:39: 2026-03-24 13:36:39,044 INFO app.services.ams_consumer ams_consumer.poll_done dataset=sp-traffic processed=9 failed=0 app=mission-control version=0.1.0
2026-03-24 13:37:44: 2026-03-24 13:37:44,793 INFO app.services.ams_consumer ams_consumer.poll_done dataset=sp-traffic processed=5 failed=0 app=mission-control version=0.1.0
2026-03-24 13:38:50: 2026-03-24 13:38:50,689 INFO app.services.ams_consumer ams_consumer.poll_done dataset=sp-traffic processed=9 failed=0 app=mission-control version=0.1.0
2026-03-24 13:39:56: 2026-03-24 13:39:56,403 INFO app.services.ams_consumer ams_consumer.poll_done dataset=sp-traffic processed=8 failed=0 app=mission-control version=0.1.0
2026-03-24 13:40:16: 2026-03-24 13:40:16,845 INFO app.services.ams_consumer ams_consumer.poll_done dataset=budget-usage processed=1 failed=0 app=mission-control version=0.1.0
2026-03-24 13:40:17: 2026-03-24 13:40:17,082 INFO app.services.ams_consumer ams_consumer.poll_done dataset=campaigns processed=1 failed=0 app=mission-control version=0.1.0
2026-03-24 13:40:22: 2026-03-24 13:40:22,346 INFO app.services.ams_consumer ams_consumer.poll_done dataset=sp-traffic processed=10 failed=0 app=mission-control version=0.1.0
2026-03-24 13:41:28: 2026-03-24 13:41:28,086 INFO app.services.ams_consumer ams_consumer.poll_done dataset=sp-traffic processed=3 failed=0 app=mission-control version=0.1.0
2026-03-24 13:42:33: 2026-03-24 13:42:33,783 INFO app.services.ams_consumer ams_consumer.poll_done dataset=sp-traffic processed=10 failed=0 app=mission-control version=0.1.0
2026-03-24 13:43:39: 2026-03-24 13:43:39,503 INFO app.services.ams_consumer ams_consumer.poll_done dataset=sp-traffic processed=10 failed=0 app=mission-control version=0.1.0
2026-03-24 13:43:59: 2026-03-24 13:43:59,896 INFO app.services.ams_consumer ams_consumer.poll_done dataset=budget-usage processed=1 failed=0 app=mission-control version=0.1.0
2026-03-24 13:44:25: 2026-03-24 13:44:25,303 INFO app.services.ams_consumer ams_consumer.poll_done dataset=sp-traffic processed=10 failed=0 app=mission-control version=0.1.0
2026-03-24 13:45:00: 2026-03-24 13:45:00,253 INFO app.services.ams_consumer ams_consumer.poll_done dataset=budget-usage processed=1 failed=0 app=mission-control version=0.1.0
2026-03-24 13:45:25: 2026-03-24 13:45:25,637 INFO app.services.ams_consumer ams_consumer.poll_done dataset=sp-traffic processed=10 failed=0 app=mission-control version=0.1.0
2026-03-24 13:45:46: 2026-03-24 13:45:46,041 INFO app.services.ams_consumer ams_consumer.poll_done dataset=budget-usage processed=1 failed=0 app=mission-control version=0.1.0
2026-03-24 13:46:11: 2026-03-24 13:46:11,420 INFO app.services.ams_consumer ams_consumer.poll_done dataset=sp-traffic processed=10 failed=0 app=mission-control version=0.1.0
2026-03-24 13:47:17: 2026-03-24 13:47:17,143 INFO app.services.ams_consumer ams_consumer.poll_done dataset=sp-traffic processed=10 failed=0 app=mission-control version=0.1.0
2026-03-24 13:47:37: 2026-03-24 13:47:37,523 INFO app.services.ams_consumer ams_consumer.poll_done dataset=budget-usage processed=1 failed=0 app=mission-control version=0.1.0
2026-03-24 13:48:02: 2026-03-24 13:48:02,894 INFO app.services.ams_consumer ams_consumer.poll_done dataset=sp-traffic processed=10 failed=0 app=mission-control version=0.1.0
2026-03-24 13:49:08: 2026-03-24 13:49:08,633 INFO app.services.ams_consumer ams_consumer.poll_done dataset=sp-traffic processed=10 failed=0 app=mission-control version=0.1.0
2026-03-24 13:50:14: 2026-03-24 13:50:14,389 INFO app.services.ams_consumer ams_consumer.poll_done dataset=sp-traffic processed=3 failed=0 app=mission-control version=0.1.0
2026-03-24 13:51:20: 2026-03-24 13:51:20,079 INFO app.services.ams_consumer ams_consumer.poll_done dataset=sp-traffic processed=10 failed=0 app=mission-control version=0.1.0
2026-03-24 13:51:40: 2026-03-24 13:51:40,500 INFO app.services.ams_consumer ams_consumer.poll_done dataset=budget-usage processed=1 failed=0 app=mission-control version=0.1.0
2026-03-24 13:51:40: 2026-03-24 13:51:40,746 INFO app.services.ams_consumer ams_consumer.poll_done dataset=campaigns processed=1 failed=0 app=mission-control version=0.1.0
2026-03-24 13:51:45: 2026-03-24 13:51:45,958 INFO app.services.ams_consumer ams_consumer.poll_done dataset=sp-traffic processed=10 failed=0 app=mission-control version=0.1.0
2026-03-24 13:52:51: 2026-03-24 13:52:51,708 INFO app.services.ams_consumer ams_consumer.poll_done dataset=sp-traffic processed=8 failed=0 app=mission-control version=0.1.0
2026-03-24 13:53:27: 2026-03-24 13:53:27,900 INFO app.services.ams_consumer ams_consumer.poll_done dataset=budget-usage processed=1 failed=0 app=mission-control version=0.1.0
2026-03-24 13:53:29: 2026-03-24 13:53:29,179 INFO app.services.ams_consumer ams_consumer.poll_done dataset=campaigns processed=1 failed=0 app=mission-control version=0.1.0
2026-03-24 13:53:34: 2026-03-24 13:53:34,409 INFO app.services.ams_consumer ams_consumer.poll_done dataset=sp-traffic processed=10 failed=0 app=mission-control version=0.1.0
2026-03-24 13:54:40: 2026-03-24 13:54:40,304 INFO app.services.ams_consumer ams_consumer.poll_done dataset=sp-traffic processed=10 failed=0 app=mission-control version=0.1.0
2026-03-24 13:55:46: 2026-03-24 13:55:46,043 INFO app.services.ams_consumer ams_consumer.poll_done dataset=sp-traffic processed=9 failed=0 app=mission-control version=0.1.0
2026-03-24 13:56:06: 2026-03-24 13:56:06,419 INFO app.services.ams_consumer ams_consumer.poll_done dataset=budget-usage processed=1 failed=0 app=mission-control version=0.1.0
2026-03-24 13:56:31: 2026-03-24 13:56:31,826 INFO app.services.ams_consumer ams_consumer.poll_done dataset=sp-traffic processed=8 failed=0 app=mission-control version=0.1.0
2026-03-24 13:57:37: 2026-03-24 13:57:37,621 INFO app.services.ams_consumer ams_consumer.poll_done dataset=sp-traffic processed=4 failed=0 app=mission-control version=0.1.0
2026-03-24 13:58:43: 2026-03-24 13:58:43,383 INFO app.services.ams_consumer ams_consumer.poll_done dataset=sp-traffic processed=4 failed=0 app=mission-control version=0.1.0
2026-03-24 14:03:26: 2026-03-24 14:03:26,156 INFO app.services.ams_consumer ams_consumer.poll_done dataset=budget-usage processed=1 failed=0 app=mission-control version=0.1.0
2026-03-24 14:03:33: 2026-03-24 14:03:33,973 INFO app.services.ams_consumer ams_consumer.poll_done dataset=campaigns processed=1 failed=0 app=mission-control version=0.1.0
2026-03-24 14:03:39: 2026-03-24 14:03:39,218 INFO app.services.ams_consumer ams_consumer.poll_done dataset=sp-traffic processed=1 failed=0 app=mission-control version=0.1.0
2026-03-24 14:03:59: 2026-03-24 14:03:59,625 INFO app.services.ams_consumer ams_consumer.poll_done dataset=budget-usage processed=2 failed=0 app=mission-control version=0.1.0
2026-03-24 14:03:59: 2026-03-24 14:03:59,809 INFO app.services.ams_consumer ams_consumer.poll_done dataset=campaigns processed=1 failed=0 app=mission-control version=0.1.0
2026-03-24 14:04:45: 2026-03-24 14:04:45,351 INFO app.services.ams_consumer ams_consumer.poll_done dataset=budget-usage processed=1 failed=0 app=mission-control version=0.1.0
2026-03-24 14:04:45: 2026-03-24 14:04:45,567 INFO app.services.ams_consumer ams_consumer.poll_done dataset=campaigns processed=1 failed=0 app=mission-control version=0.1.0
2026-03-24 14:05:51: 2026-03-24 14:05:51,304 INFO app.services.ams_consumer ams_consumer.poll_done dataset=campaigns processed=1 failed=0 app=mission-control version=0.1.0
2026-03-24 14:06:57: 2026-03-24 14:06:57,036 INFO app.services.ams_consumer ams_consumer.poll_done dataset=campaigns processed=2 failed=0 app=mission-control version=0.1.0
2026-03-24 14:09:08: 2026-03-24 14:09:08,273 INFO app.services.ams_consumer ams_consumer.poll_done dataset=budget-usage processed=1 failed=0 app=mission-control version=0.1.0
2026-03-24 14:10:41: 2026-03-24 14:10:41,012 INFO app.services.ams_consumer ams_consumer.poll_done dataset=campaigns processed=1 failed=0 app=mission-control version=0.1.0
2026-03-24 14:11:26: 2026-03-24 14:11:26,575 INFO app.services.ams_consumer ams_consumer.poll_done dataset=budget-usage processed=1 failed=0 app=mission-control version=0.1.0
2026-03-24 14:11:26: 2026-03-24 14:11:26,903 INFO app.services.ams_consumer ams_consumer.poll_done dataset=campaigns processed=1 failed=0 app=mission-control version=0.1.0
2026-03-24 14:17:56: 2026-03-24 14:17:56,264 INFO app.services.ams_consumer ams_consumer.poll_done dataset=budget-usage processed=1 failed=0 app=mission-control version=0.1.0
2026-03-24 14:17:56: 2026-03-24 14:17:56,453 INFO app.services.ams_consumer ams_consumer.poll_done dataset=campaigns processed=1 failed=0 app=mission-control version=0.1.0
2026-03-24 14:18:42: 2026-03-24 14:18:42,004 INFO app.services.ams_consumer ams_consumer.poll_done dataset=budget-usage processed=1 failed=0 app=mission-control version=0.1.0
2026-03-24 14:18:42: 2026-03-24 14:18:42,229 INFO app.services.ams_consumer ams_consumer.poll_done dataset=campaigns processed=1 failed=0 app=mission-control version=0.1.0
2026-03-24 14:24:30: 2026-03-24 14:24:30,142 INFO app.services.ams_consumer ams_consumer.poll_done dataset=sp-traffic processed=1 failed=0 app=mission-control version=0.1.0
2026-03-24 14:25:35: 2026-03-24 14:25:35,858 INFO app.services.ams_consumer ams_consumer.poll_done dataset=sp-traffic processed=1 failed=0 app=mission-control version=0.1.0
2026-03-24 14:26:41: 2026-03-24 14:26:41,604 INFO app.services.ams_consumer ams_consumer.poll_done dataset=sp-traffic processed=8 failed=0 app=mission-control version=0.1.0
2026-03-24 14:27:01: 2026-03-24 14:27:01,965 INFO app.services.ams_consumer ams_consumer.poll_done dataset=budget-usage processed=1 failed=0 app=mission-control version=0.1.0
2026-03-24 14:27:27: 2026-03-24 14:27:27,367 INFO app.services.ams_consumer ams_consumer.poll_done dataset=sp-traffic processed=8 failed=0 app=mission-control version=0.1.0
2026-03-24 14:27:47: 2026-03-24 14:27:47,799 INFO app.services.ams_consumer ams_consumer.poll_done dataset=budget-usage processed=2 failed=0 app=mission-control version=0.1.0
2026-03-24 14:28:13: 2026-03-24 14:28:13,199 INFO app.services.ams_consumer ams_consumer.poll_done dataset=sp-traffic processed=9 failed=0 app=mission-control version=0.1.0
2026-03-24 14:28:33: 2026-03-24 14:28:33,592 INFO app.services.ams_consumer ams_consumer.poll_done dataset=budget-usage processed=1 failed=0 app=mission-control version=0.1.0
2026-03-24 14:28:59: 2026-03-24 14:28:59,008 INFO app.services.ams_consumer ams_consumer.poll_done dataset=sp-traffic processed=5 failed=0 app=mission-control version=0.1.0
2026-03-24 14:29:19: 2026-03-24 14:29:19,371 INFO app.services.ams_consumer ams_consumer.poll_done dataset=budget-usage processed=1 failed=0 app=mission-control version=0.1.0
2026-03-24 14:29:19: 2026-03-24 14:29:19,592 INFO app.services.ams_consumer ams_consumer.poll_done dataset=campaigns processed=1 failed=0 app=mission-control version=0.1.0
2026-03-24 14:29:24: 2026-03-24 14:29:24,811 INFO app.services.ams_consumer ams_consumer.poll_done dataset=sp-traffic processed=2 failed=0 app=mission-control version=0.1.0
2026-03-24 14:29:45: 2026-03-24 14:29:45,212 INFO app.services.ams_consumer ams_consumer.poll_done dataset=budget-usage processed=1 failed=0 app=mission-control version=0.1.0
2026-03-24 14:29:45: 2026-03-24 14:29:45,547 INFO app.services.ams_consumer ams_consumer.poll_done dataset=campaigns processed=1 failed=0 app=mission-control version=0.1.0
2026-03-24 14:29:50: 2026-03-24 14:29:50,769 INFO app.services.ams_consumer ams_consumer.poll_done dataset=sp-traffic processed=1 failed=0 app=mission-control version=0.1.0
2026-03-24 14:30:11: 2026-03-24 14:30:11,142 INFO app.services.ams_consumer ams_consumer.poll_done dataset=budget-usage processed=1 failed=0 app=mission-control version=0.1.0
2026-03-24 14:30:11: 2026-03-24 14:30:11,363 INFO app.services.ams_consumer ams_consumer.poll_done dataset=campaigns processed=3 failed=0 app=mission-control version=0.1.0
2026-03-24 14:30:16: 2026-03-24 14:30:16,630 INFO app.services.ams_consumer ams_consumer.poll_done dataset=sp-traffic processed=9 failed=0 app=mission-control version=0.1.0
2026-03-24 14:30:37: 2026-03-24 14:30:37,051 INFO app.services.ams_consumer ams_consumer.poll_done dataset=budget-usage processed=1 failed=0 app=mission-control version=0.1.0
2026-03-24 14:30:37: 2026-03-24 14:30:37,291 INFO app.services.ams_consumer ams_consumer.poll_done dataset=campaigns processed=1 failed=0 app=mission-control version=0.1.0
2026-03-24 14:30:42: 2026-03-24 14:30:42,501 INFO app.services.ams_consumer ams_consumer.poll_done dataset=sp-traffic processed=10 failed=0 app=mission-control version=0.1.0
2026-03-24 14:31:48: 2026-03-24 14:31:48,242 INFO app.services.ams_consumer ams_consumer.poll_done dataset=sp-traffic processed=4 failed=0 app=mission-control version=0.1.0
2026-03-24 14:32:08: 2026-03-24 14:32:08,632 INFO app.services.ams_consumer ams_consumer.poll_done dataset=budget-usage processed=1 failed=0 app=mission-control version=0.1.0
2026-03-24 14:32:08: 2026-03-24 14:32:08,866 INFO app.services.ams_consumer ams_consumer.poll_done dataset=campaigns processed=1 failed=0 app=mission-control version=0.1.0
2026-03-24 14:32:14: 2026-03-24 14:32:14,119 INFO app.services.ams_consumer ams_consumer.poll_done dataset=sp-traffic processed=9 failed=0 app=mission-control version=0.1.0
2026-03-24 14:33:19: 2026-03-24 14:33:19,866 INFO app.services.ams_consumer ams_consumer.poll_done dataset=sp-traffic processed=10 failed=0 app=mission-control version=0.1.0
2026-03-24 14:34:25: 2026-03-24 14:34:25,674 INFO app.services.ams_consumer ams_consumer.poll_done dataset=sp-traffic processed=10 failed=0 app=mission-control version=0.1.0
2026-03-24 14:35:31: 2026-03-24 14:35:31,419 INFO app.services.ams_consumer ams_consumer.poll_done dataset=sp-traffic processed=4 failed=0 app=mission-control version=0.1.0
2026-03-24 14:35:51: 2026-03-24 14:35:51,811 INFO app.services.ams_consumer ams_consumer.poll_done dataset=budget-usage processed=2 failed=0 app=mission-control version=0.1.0
2026-03-24 14:35:52: 2026-03-24 14:35:52,042 INFO app.services.ams_consumer ams_consumer.poll_done dataset=campaigns processed=1 failed=0 app=mission-control version=0.1.0
2026-03-24 14:35:57: 2026-03-24 14:35:57,286 INFO app.services.ams_consumer ams_consumer.poll_done dataset=sp-traffic processed=8 failed=0 app=mission-control version=0.1.0
2026-03-24 14:36:17: 2026-03-24 14:36:17,669 INFO app.services.ams_consumer ams_consumer.poll_done dataset=budget-usage processed=1 failed=0 app=mission-control version=0.1.0
2026-03-24 14:36:43: 2026-03-24 14:36:43,078 INFO app.services.ams_consumer ams_consumer.poll_done dataset=sp-traffic processed=10 failed=0 app=mission-control version=0.1.0
2026-03-24 14:37:48: 2026-03-24 14:37:48,796 INFO app.services.ams_consumer ams_consumer.poll_done dataset=sp-traffic processed=5 failed=0 app=mission-control version=0.1.0
2026-03-24 14:38:15: 2026-03-24 14:38:15,342 INFO app.services.ams_consumer ams_consumer.poll_done dataset=budget-usage processed=1 failed=0 app=mission-control version=0.1.0
2026-03-24 14:38:40: 2026-03-24 14:38:40,818 INFO app.services.ams_consumer ams_consumer.poll_done dataset=sp-traffic processed=10 failed=0 app=mission-control version=0.1.0
2026-03-24 14:39:46: 2026-03-24 14:39:46,549 INFO app.services.ams_consumer ams_consumer.poll_done dataset=sp-traffic processed=10 failed=0 app=mission-control version=0.1.0
2026-03-24 14:40:52: 2026-03-24 14:40:52,274 INFO app.services.ams_consumer ams_consumer.poll_done dataset=sp-traffic processed=10 failed=0 app=mission-control version=0.1.0
2026-03-24 14:41:58: 2026-03-24 14:41:58,016 INFO app.services.ams_consumer ams_consumer.poll_done dataset=sp-traffic processed=5 failed=0 app=mission-control version=0.1.0
2026-03-24 14:43:03: 2026-03-24 14:43:03,760 INFO app.services.ams_consumer ams_consumer.poll_done dataset=sp-traffic processed=10 failed=0 app=mission-control version=0.1.0
2026-03-24 14:43:24: 2026-03-24 14:43:24,139 INFO app.services.ams_consumer ams_consumer.poll_done dataset=budget-usage processed=1 failed=0 app=mission-control version=0.1.0
2026-03-24 14:43:49: 2026-03-24 14:43:49,522 INFO app.services.ams_consumer ams_consumer.poll_done dataset=sp-traffic processed=10 failed=0 app=mission-control version=0.1.0
2026-03-24 14:44:55: 2026-03-24 14:44:55,381 INFO app.services.ams_consumer ams_consumer.poll_done dataset=sp-traffic processed=10 failed=0 app=mission-control version=0.1.0
2026-03-24 14:46:01: 2026-03-24 14:46:01,127 INFO app.services.ams_consumer ams_consumer.poll_done dataset=sp-traffic processed=2 failed=0 app=mission-control version=0.1.0
2026-03-24 14:46:21: 2026-03-24 14:46:21,498 INFO app.services.ams_consumer ams_consumer.poll_done dataset=budget-usage processed=1 failed=0 app=mission-control version=0.1.0
2026-03-24 14:46:46: 2026-03-24 14:46:46,874 INFO app.services.ams_consumer ams_consumer.poll_done dataset=sp-traffic processed=10 failed=0 app=mission-control version=0.1.0
2026-03-24 14:47:52: 2026-03-24 14:47:52,592 INFO app.services.ams_consumer ams_consumer.poll_done dataset=sp-traffic processed=10 failed=0 app=mission-control version=0.1.0
2026-03-24 14:48:58: 2026-03-24 14:48:58,441 INFO app.services.ams_consumer ams_consumer.poll_done dataset=sp-traffic processed=6 failed=0 app=mission-control version=0.1.0
2026-03-24 14:49:23: 2026-03-24 14:49:23,151 INFO app.services.ams_consumer ams_consumer.poll_done dataset=budget-usage processed=1 failed=0 app=mission-control version=0.1.0
2026-03-24 14:49:48: 2026-03-24 14:49:48,620 INFO app.services.ams_consumer ams_consumer.poll_done dataset=sp-traffic processed=5 failed=0 app=mission-control version=0.1.0
2026-03-24 14:50:54: 2026-03-24 14:50:54,415 INFO app.services.ams_consumer ams_consumer.poll_done dataset=sp-traffic processed=9 failed=0 app=mission-control version=0.1.0
2026-03-24 14:52:49: 2026-03-24 14:52:49,380 INFO app.services.ams_consumer ams_consumer.poll_done dataset=budget-usage processed=1 failed=0 app=mission-control version=0.1.0
2026-03-24 14:52:49: 2026-03-24 14:52:49,598 INFO app.services.ams_consumer ams_consumer.poll_done dataset=campaigns processed=1 failed=0 app=mission-control version=0.1.0
2026-03-24 14:53:35: 2026-03-24 14:53:35,179 INFO app.services.ams_consumer ams_consumer.poll_done dataset=budget-usage processed=1 failed=0 app=mission-control version=0.1.0
2026-03-24 14:54:40: 2026-03-24 14:54:40,896 INFO app.services.ams_consumer ams_consumer.poll_done dataset=budget-usage processed=1 failed=0 app=mission-control version=0.1.0
2026-03-24 14:55:46: 2026-03-24 14:55:46,624 INFO app.services.ams_consumer ams_consumer.poll_done dataset=budget-usage processed=1 failed=0 app=mission-control version=0.1.0
2026-03-24 14:56:52: 2026-03-24 14:56:52,359 INFO app.services.ams_consumer ams_consumer.poll_done dataset=budget-usage processed=1 failed=0 app=mission-control version=0.1.0
2026-03-24 14:58:07: 2026-03-24 14:58:07,156 INFO app.services.ams_consumer ams_consumer.poll_done dataset=budget-usage processed=1 failed=0 app=mission-control version=0.1.0
2026-03-24 14:58:07: 2026-03-24 14:58:07,402 INFO app.services.ams_consumer ams_consumer.poll_done dataset=campaigns processed=1 failed=0 app=mission-control version=0.1.0
2026-03-24 14:58:52: 2026-03-24 14:58:52,953 INFO app.services.ams_consumer ams_consumer.poll_done dataset=budget-usage processed=1 failed=0 app=mission-control version=0.1.0
2026-03-24 14:58:53: 2026-03-24 14:58:53,180 INFO app.services.ams_consumer ams_consumer.poll_done dataset=campaigns processed=1 failed=0 app=mission-control version=0.1.0
2026-03-24 14:59:38: 2026-03-24 14:59:38,770 INFO app.services.ams_consumer ams_consumer.poll_done dataset=budget-usage processed=1 failed=0 app=mission-control version=0.1.0
2026-03-24 14:59:39: 2026-03-24 14:59:39,000 INFO app.services.ams_consumer ams_consumer.poll_done dataset=campaigns processed=2 failed=0 app=mission-control version=0.1.0
2026-03-24 15:00:24: 2026-03-24 15:00:24,561 INFO app.services.ams_consumer ams_consumer.poll_done dataset=budget-usage processed=1 failed=0 app=mission-control version=0.1.0
2026-03-24 15:01:30: 2026-03-24 15:01:30,481 INFO app.services.ams_consumer ams_consumer.poll_done dataset=budget-usage processed=1 failed=0 app=mission-control version=0.1.0
2026-03-24 15:01:42: 2026-03-24 15:01:42,966 INFO app.services.ams_consumer ams_consumer.poll_done dataset=campaigns processed=1 failed=0 app=mission-control version=0.1.0
2026-03-24 15:03:54: 2026-03-24 15:03:54,228 INFO app.services.ams_consumer ams_consumer.poll_done dataset=budget-usage processed=1 failed=0 app=mission-control version=0.1.0
2026-03-24 15:06:25: 2026-03-24 15:06:25,626 INFO app.services.ams_consumer ams_consumer.poll_done dataset=budget-usage processed=1 failed=0 app=mission-control version=0.1.0
2026-03-24 15:07:31: 2026-03-24 15:07:31,308 INFO app.services.ams_consumer ams_consumer.poll_done dataset=budget-usage processed=1 failed=0 app=mission-control version=0.1.0
2026-03-24 15:07:48: 2026-03-24 15:07:48,345 INFO app.services.ams_consumer ams_consumer.poll_done dataset=campaigns processed=1 failed=0 app=mission-control version=0.1.0
2026-03-24 15:08:33: 2026-03-24 15:08:33,933 INFO app.services.ams_consumer ams_consumer.poll_done dataset=budget-usage processed=1 failed=0 app=mission-control version=0.1.0
2026-03-24 15:12:49: 2026-03-24 15:12:49,485 INFO app.services.ams_consumer ams_consumer.poll_done dataset=budget-usage processed=1 failed=0 app=mission-control version=0.1.0
2026-03-24 15:13:55: 2026-03-24 15:13:55,224 INFO app.services.ams_consumer ams_consumer.poll_done dataset=budget-usage processed=1 failed=0 app=mission-control version=0.1.0
2026-03-24 15:16:26: 2026-03-24 15:16:26,626 INFO app.services.ams_consumer ams_consumer.poll_done dataset=budget-usage processed=1 failed=0 app=mission-control version=0.1.0
2026-03-24 15:18:58: 2026-03-24 15:18:58,022 INFO app.services.ams_consumer ams_consumer.poll_done dataset=budget-usage processed=1 failed=0 app=mission-control version=0.1.0
2026-03-24 15:20:00: 2026-03-24 15:20:00,447 INFO app.services.ams_consumer ams_consumer.poll_done dataset=sp-conversion processed=1 failed=0 app=mission-control version=0.1.0
2026-03-24 15:20:38: 2026-03-24 15:20:38,151 INFO app.services.ams_consumer ams_consumer.poll_done dataset=campaigns processed=1 failed=0 app=mission-control version=0.1.0
2026-03-24 15:21:03: 2026-03-24 15:21:03,540 INFO app.services.ams_consumer ams_consumer.poll_done dataset=sp-conversion processed=1 failed=0 app=mission-control version=0.1.0
2026-03-24 15:21:03: 2026-03-24 15:21:03,912 INFO app.services.ams_consumer ams_consumer.poll_done dataset=budget-usage processed=1 failed=0 app=mission-control version=0.1.0
2026-03-24 15:21:49: 2026-03-24 15:21:49,431 INFO app.services.ams_consumer ams_consumer.poll_done dataset=sp-conversion processed=1 failed=0 app=mission-control version=0.1.0
2026-03-24 15:23:15: 2026-03-24 15:23:15,333 INFO app.services.ams_consumer ams_consumer.poll_done dataset=budget-usage processed=1 failed=0 app=mission-control version=0.1.0
2026-03-24 15:23:15: 2026-03-24 15:23:15,557 INFO app.services.ams_consumer ams_consumer.poll_done dataset=campaigns processed=1 failed=0 app=mission-control version=0.1.0
2026-03-24 15:24:01: 2026-03-24 15:24:01,151 INFO app.services.ams_consumer ams_consumer.poll_done dataset=budget-usage processed=1 failed=0 app=mission-control version=0.1.0
2026-03-24 15:25:06: 2026-03-24 15:25:06,834 INFO app.services.ams_consumer ams_consumer.poll_done dataset=budget-usage processed=1 failed=0 app=mission-control version=0.1.0
2026-03-24 15:25:07: 2026-03-24 15:25:07,141 INFO app.services.ams_consumer ams_consumer.poll_done dataset=campaigns processed=1 failed=0 app=mission-control version=0.1.0
2026-03-24 15:25:12: 2026-03-24 15:25:12,421 INFO app.services.ams_consumer ams_consumer.poll_done dataset=sp-traffic processed=1 failed=0 app=mission-control version=0.1.0
2026-03-24 15:25:32: 2026-03-24 15:25:32,796 INFO app.services.ams_consumer ams_consumer.poll_done dataset=budget-usage processed=1 failed=0 app=mission-control version=0.1.0
2026-03-24 15:25:33: 2026-03-24 15:25:33,043 INFO app.services.ams_consumer ams_consumer.poll_done dataset=campaigns processed=1 failed=0 app=mission-control version=0.1.0
2026-03-24 15:25:38: 2026-03-24 15:25:38,265 INFO app.services.ams_consumer ams_consumer.poll_done dataset=sp-traffic processed=1 failed=0 app=mission-control version=0.1.0
2026-03-24 15:25:58: 2026-03-24 15:25:58,692 INFO app.services.ams_consumer ams_consumer.poll_done dataset=budget-usage processed=1 failed=0 app=mission-control version=0.1.0
2026-03-24 15:26:24: 2026-03-24 15:26:24,081 INFO app.services.ams_consumer ams_consumer.poll_done dataset=sp-traffic processed=2 failed=0 app=mission-control version=0.1.0
2026-03-24 15:26:44: 2026-03-24 15:26:44,447 INFO app.services.ams_consumer ams_consumer.poll_done dataset=budget-usage processed=1 failed=0 app=mission-control version=0.1.0
2026-03-24 15:27:09: 2026-03-24 15:27:09,866 INFO app.services.ams_consumer ams_consumer.poll_done dataset=sp-traffic processed=5 failed=0 app=mission-control version=0.1.0
2026-03-24 15:27:30: 2026-03-24 15:27:30,250 INFO app.services.ams_consumer ams_consumer.poll_done dataset=budget-usage processed=2 failed=0 app=mission-control version=0.1.0
2026-03-24 15:27:30: 2026-03-24 15:27:30,466 INFO app.services.ams_consumer ams_consumer.poll_done dataset=campaigns processed=2 failed=0 app=mission-control version=0.1.0
2026-03-24 15:27:35: 2026-03-24 15:27:35,699 INFO app.services.ams_consumer ams_consumer.poll_done dataset=sp-traffic processed=2 failed=0 app=mission-control version=0.1.0
2026-03-24 15:27:56: 2026-03-24 15:27:56,099 INFO app.services.ams_consumer ams_consumer.poll_done dataset=budget-usage processed=1 failed=0 app=mission-control version=0.1.0
2026-03-24 15:27:56: 2026-03-24 15:27:56,290 INFO app.services.ams_consumer ams_consumer.poll_done dataset=campaigns processed=1 failed=0 app=mission-control version=0.1.0
2026-03-24 15:28:01: 2026-03-24 15:28:01,519 INFO app.services.ams_consumer ams_consumer.poll_done dataset=sp-traffic processed=4 failed=0 app=mission-control version=0.1.0
2026-03-24 15:28:21: 2026-03-24 15:28:21,890 INFO app.services.ams_consumer ams_consumer.poll_done dataset=budget-usage processed=2 failed=0 app=mission-control version=0.1.0
2026-03-24 15:28:22: 2026-03-24 15:28:22,108 INFO app.services.ams_consumer ams_consumer.poll_done dataset=campaigns processed=1 failed=0 app=mission-control version=0.1.0
2026-03-24 15:28:27: 2026-03-24 15:28:27,365 INFO app.services.ams_consumer ams_consumer.poll_done dataset=sp-traffic processed=2 failed=0 app=mission-control version=0.1.0
2026-03-24 15:29:07: 2026-03-24 15:29:07,888 INFO app.services.ams_consumer ams_consumer.poll_done dataset=campaigns processed=4 failed=0 app=mission-control version=0.1.0
2026-03-24 15:29:13: 2026-03-24 15:29:13,120 INFO app.services.ams_consumer ams_consumer.poll_done dataset=sp-traffic processed=4 failed=0 app=mission-control version=0.1.0
2026-03-24 15:30:18: 2026-03-24 15:30:18,880 INFO app.services.ams_consumer ams_consumer.poll_done dataset=sp-traffic processed=8 failed=0 app=mission-control version=0.1.0
2026-03-24 15:31:24: 2026-03-24 15:31:24,614 INFO app.services.ams_consumer ams_consumer.poll_done dataset=sp-traffic processed=4 failed=0 app=mission-control version=0.1.0
2026-03-24 15:32:30: 2026-03-24 15:32:30,303 INFO app.services.ams_consumer ams_consumer.poll_done dataset=sp-traffic processed=10 failed=0 app=mission-control version=0.1.0
2026-03-24 15:33:36: 2026-03-24 15:33:36,025 INFO app.services.ams_consumer ams_consumer.poll_done dataset=sp-traffic processed=10 failed=0 app=mission-control version=0.1.0
2026-03-24 15:34:41: 2026-03-24 15:34:41,741 INFO app.services.ams_consumer ams_consumer.poll_done dataset=sp-traffic processed=10 failed=0 app=mission-control version=0.1.0
2026-03-24 15:35:47: 2026-03-24 15:35:47,558 INFO app.services.ams_consumer ams_consumer.poll_done dataset=sp-traffic processed=1 failed=0 app=mission-control version=0.1.0
2026-03-24 15:36:07: 2026-03-24 15:36:07,932 INFO app.services.ams_consumer ams_consumer.poll_done dataset=budget-usage processed=1 failed=0 app=mission-control version=0.1.0
2026-03-24 15:36:33: 2026-03-24 15:36:33,369 INFO app.services.ams_consumer ams_consumer.poll_done dataset=sp-traffic processed=8 failed=0 app=mission-control version=0.1.0
2026-03-24 15:37:39: 2026-03-24 15:37:39,093 INFO app.services.ams_consumer ams_consumer.poll_done dataset=sp-traffic processed=8 failed=0 app=mission-control version=0.1.0
2026-03-24 15:38:44: 2026-03-24 15:38:44,974 INFO app.services.ams_consumer ams_consumer.poll_done dataset=sp-traffic processed=10 failed=0 app=mission-control version=0.1.0
2026-03-24 15:39:12: 2026-03-24 15:39:12,749 INFO app.services.ams_consumer ams_consumer.poll_done dataset=budget-usage processed=1 failed=0 app=mission-control version=0.1.0
2026-03-24 15:39:12: 2026-03-24 15:39:12,997 INFO app.services.ams_consumer ams_consumer.poll_done dataset=campaigns processed=1 failed=0 app=mission-control version=0.1.0
2026-03-24 15:39:18: 2026-03-24 15:39:18,212 INFO app.services.ams_consumer ams_consumer.poll_done dataset=sp-traffic processed=10 failed=0 app=mission-control version=0.1.0
2026-03-24 15:39:38: 2026-03-24 15:39:38,613 INFO app.services.ams_consumer ams_consumer.poll_done dataset=budget-usage processed=1 failed=0 app=mission-control version=0.1.0
2026-03-24 15:39:38: 2026-03-24 15:39:38,820 INFO app.services.ams_consumer ams_consumer.poll_done dataset=campaigns processed=1 failed=0 app=mission-control version=0.1.0
2026-03-24 15:39:44: 2026-03-24 15:39:44,031 INFO app.services.ams_consumer ams_consumer.poll_done dataset=sp-traffic processed=10 failed=0 app=mission-control version=0.1.0
2026-03-24 15:40:14: 2026-03-24 15:40:14,112 INFO app.services.ams_consumer ams_consumer.poll_done dataset=budget-usage processed=1 failed=0 app=mission-control version=0.1.0
2026-03-24 15:40:14: 2026-03-24 15:40:14,334 INFO app.services.ams_consumer ams_consumer.poll_done dataset=campaigns processed=2 failed=0 app=mission-control version=0.1.0
2026-03-24 15:40:19: 2026-03-24 15:40:19,571 INFO app.services.ams_consumer ams_consumer.poll_done dataset=sp-traffic processed=4 failed=0 app=mission-control version=0.1.0
2026-03-24 15:41:25: 2026-03-24 15:41:25,313 INFO app.services.ams_consumer ams_consumer.poll_done dataset=sp-traffic processed=2 failed=0 app=mission-control version=0.1.0
2026-03-24 15:42:31: 2026-03-24 15:42:31,307 INFO app.services.ams_consumer ams_consumer.poll_done dataset=sp-traffic processed=5 failed=0 app=mission-control version=0.1.0
2026-03-24 15:43:37: 2026-03-24 15:43:37,047 INFO app.services.ams_consumer ams_consumer.poll_done dataset=sp-traffic processed=1 failed=0 app=mission-control version=0.1.0
2026-03-24 15:44:42: 2026-03-24 15:44:42,797 INFO app.services.ams_consumer ams_consumer.poll_done dataset=sp-traffic processed=5 failed=0 app=mission-control version=0.1.0
2026-03-24 15:45:13: 2026-03-24 15:45:13,109 INFO app.services.ams_consumer ams_consumer.poll_done dataset=budget-usage processed=1 failed=0 app=mission-control version=0.1.0
2026-03-24 15:45:38: 2026-03-24 15:45:38,487 INFO app.services.ams_consumer ams_consumer.poll_done dataset=sp-traffic processed=10 failed=0 app=mission-control version=0.1.0
2026-03-24 15:46:44: 2026-03-24 15:46:44,212 INFO app.services.ams_consumer ams_consumer.poll_done dataset=sp-traffic processed=10 failed=0 app=mission-control version=0.1.0
2026-03-24 15:47:49: 2026-03-24 15:47:49,993 INFO app.services.ams_consumer ams_consumer.poll_done dataset=sp-traffic processed=8 failed=0 app=mission-control version=0.1.0
2026-03-24 15:48:10: 2026-03-24 15:48:10,412 INFO app.services.ams_consumer ams_consumer.poll_done dataset=budget-usage processed=1 failed=0 app=mission-control version=0.1.0
2026-03-24 15:48:10: 2026-03-24 15:48:10,650 INFO app.services.ams_consumer ams_consumer.poll_done dataset=campaigns processed=1 failed=0 app=mission-control version=0.1.0
2026-03-24 15:48:15: 2026-03-24 15:48:15,902 INFO app.services.ams_consumer ams_consumer.poll_done dataset=sp-traffic processed=4 failed=0 app=mission-control version=0.1.0
2026-03-24 15:48:36: 2026-03-24 15:48:36,315 INFO app.services.ams_consumer ams_consumer.poll_done dataset=budget-usage processed=1 failed=0 app=mission-control version=0.1.0
2026-03-24 15:49:01: 2026-03-24 15:49:01,698 INFO app.services.ams_consumer ams_consumer.poll_done dataset=sp-traffic processed=10 failed=0 app=mission-control version=0.1.0
2026-03-24 15:50:07: 2026-03-24 15:50:07,604 INFO app.services.ams_consumer ams_consumer.poll_done dataset=sp-traffic processed=9 failed=0 app=mission-control version=0.1.0
2026-03-24 15:51:13: 2026-03-24 15:51:13,326 INFO app.services.ams_consumer ams_consumer.poll_done dataset=sp-traffic processed=7 failed=0 app=mission-control version=0.1.0
2026-03-24 15:52:19: 2026-03-24 15:52:19,065 INFO app.services.ams_consumer ams_consumer.poll_done dataset=sp-traffic processed=2 failed=0 app=mission-control version=0.1.0
2026-03-24 15:53:24: 2026-03-24 15:53:24,790 INFO app.services.ams_consumer ams_consumer.poll_done dataset=sp-traffic processed=10 failed=0 app=mission-control version=0.1.0
2026-03-24 15:53:45: 2026-03-24 15:53:45,185 INFO app.services.ams_consumer ams_consumer.poll_done dataset=budget-usage processed=1 failed=0 app=mission-control version=0.1.0
2026-03-24 15:54:10: 2026-03-24 15:54:10,598 INFO app.services.ams_consumer ams_consumer.poll_done dataset=sp-traffic processed=4 failed=0 app=mission-control version=0.1.0
2026-03-24 15:56:02: 2026-03-24 15:56:02,266 INFO app.services.ams_consumer ams_consumer.poll_done dataset=budget-usage processed=1 failed=0 app=mission-control version=0.1.0
2026-03-24 15:57:08: 2026-03-24 15:57:08,005 INFO app.services.ams_consumer ams_consumer.poll_done dataset=budget-usage processed=1 failed=0 app=mission-control version=0.1.0
2026-03-24 15:58:20: 2026-03-24 15:58:20,783 INFO app.services.ams_consumer ams_consumer.poll_done dataset=budget-usage processed=1 failed=0 app=mission-control version=0.1.0
2026-03-24 15:59:26: 2026-03-24 15:59:26,477 INFO app.services.ams_consumer ams_consumer.poll_done dataset=budget-usage processed=1 failed=0 app=mission-control version=0.1.0
2026-03-24 16:00:32: 2026-03-24 16:00:32,223 INFO app.services.ams_consumer ams_consumer.poll_done dataset=budget-usage processed=1 failed=0 app=mission-control version=0.1.0
2026-03-24 16:01:37: 2026-03-24 16:01:37,970 INFO app.services.ams_consumer ams_consumer.poll_done dataset=budget-usage processed=1 failed=0 app=mission-control version=0.1.0
2026-03-24 16:07:00: 2026-03-24 16:07:00,911 INFO app.services.ams_consumer ams_consumer.poll_done dataset=budget-usage processed=1 failed=0 app=mission-control version=0.1.0
2026-03-24 16:07:01: 2026-03-24 16:07:01,177 INFO app.services.ams_consumer ams_consumer.poll_done dataset=campaigns processed=1 failed=0 app=mission-control version=0.1.0
2026-03-24 16:07:46: 2026-03-24 16:07:46,715 INFO app.services.ams_consumer ams_consumer.poll_done dataset=budget-usage processed=1 failed=0 app=mission-control version=0.1.0
2026-03-24 16:07:46: 2026-03-24 16:07:46,926 INFO app.services.ams_consumer ams_consumer.poll_done dataset=campaigns processed=1 failed=0 app=mission-control version=0.1.0
2026-03-24 16:12:49: 2026-03-24 16:12:49,665 INFO app.services.ams_consumer ams_consumer.poll_done dataset=budget-usage processed=1 failed=0 app=mission-control version=0.1.0
2026-03-24 16:13:55: 2026-03-24 16:13:55,347 INFO app.services.ams_consumer ams_consumer.poll_done dataset=budget-usage processed=1 failed=0 app=mission-control version=0.1.0
2026-03-24 16:16:34: 2026-03-24 16:16:34,469 INFO app.services.ams_consumer ams_consumer.poll_done dataset=budget-usage processed=1 failed=0 app=mission-control version=0.1.0
2026-03-24 16:16:36: 2026-03-24 16:16:36,023 INFO app.services.ams_consumer ams_consumer.poll_done dataset=campaigns processed=1 failed=0 app=mission-control version=0.1.0
2026-03-24 16:17:21: 2026-03-24 16:17:21,564 INFO app.services.ams_consumer ams_consumer.poll_done dataset=budget-usage processed=1 failed=0 app=mission-control version=0.1.0
2026-03-24 16:17:21: 2026-03-24 16:17:21,790 INFO app.services.ams_consumer ams_consumer.poll_done dataset=campaigns processed=1 failed=0 app=mission-control version=0.1.0
2026-03-24 16:18:07: 2026-03-24 16:18:07,376 INFO app.services.ams_consumer ams_consumer.poll_done dataset=budget-usage processed=1 failed=0 app=mission-control version=0.1.0
2026-03-24 16:18:07: 2026-03-24 16:18:07,591 INFO app.services.ams_consumer ams_consumer.poll_done dataset=campaigns processed=3 failed=0 app=mission-control version=0.1.0
2026-03-24 16:18:53: 2026-03-24 16:18:53,168 INFO app.services.ams_consumer ams_consumer.poll_done dataset=budget-usage processed=1 failed=0 app=mission-control version=0.1.0
2026-03-24 16:18:53: 2026-03-24 16:18:53,387 INFO app.services.ams_consumer ams_consumer.poll_done dataset=campaigns processed=2 failed=0 app=mission-control version=0.1.0
2026-03-24 16:21:07: 2026-03-24 16:21:07,315 INFO app.services.ams_consumer ams_consumer.poll_done dataset=budget-usage processed=1 failed=0 app=mission-control version=0.1.0
2026-03-24 16:22:32: 2026-03-24 16:22:32,537 INFO app.services.ams_consumer ams_consumer.poll_done dataset=budget-usage processed=1 failed=0 app=mission-control version=0.1.0
2026-03-24 16:22:57: 2026-03-24 16:22:57,939 INFO app.services.ams_consumer ams_consumer.poll_done dataset=sp-traffic processed=1 failed=0 app=mission-control version=0.1.0
2026-03-24 16:24:03: 2026-03-24 16:24:03,674 INFO app.services.ams_consumer ams_consumer.poll_done dataset=sp-traffic processed=2 failed=0 app=mission-control version=0.1.0
2026-03-24 16:24:03: 2026-03-24 16:24:03,899 INFO app.services.ams_consumer ams_consumer.poll_done dataset=sp-conversion processed=1 failed=0 app=mission-control version=0.1.0
2026-03-24 16:24:49: 2026-03-24 16:24:49,450 INFO app.services.ams_consumer ams_consumer.poll_done dataset=sp-traffic processed=1 failed=0 app=mission-control version=0.1.0
2026-03-24 16:24:49: 2026-03-24 16:24:49,667 INFO app.services.ams_consumer ams_consumer.poll_done dataset=sp-conversion processed=2 failed=0 app=mission-control version=0.1.0
2026-03-24 16:25:35: 2026-03-24 16:25:35,252 INFO app.services.ams_consumer ams_consumer.poll_done dataset=sp-traffic processed=3 failed=0 app=mission-control version=0.1.0
2026-03-24 16:25:35: 2026-03-24 16:25:35,524 INFO app.services.ams_consumer ams_consumer.poll_done dataset=sp-conversion processed=1 failed=0 app=mission-control version=0.1.0
2026-03-24 16:26:21: 2026-03-24 16:26:21,219 INFO app.services.ams_consumer ams_consumer.poll_done dataset=sp-traffic processed=1 failed=0 app=mission-control version=0.1.0
2026-03-24 16:26:21: 2026-03-24 16:26:21,421 INFO app.services.ams_consumer ams_consumer.poll_done dataset=sp-conversion processed=1 failed=0 app=mission-control version=0.1.0
2026-03-24 16:27:07: 2026-03-24 16:27:07,008 INFO app.services.ams_consumer ams_consumer.poll_done dataset=sp-traffic processed=6 failed=0 app=mission-control version=0.1.0
2026-03-24 16:27:07: 2026-03-24 16:27:07,244 INFO app.services.ams_consumer ams_consumer.poll_done dataset=sp-conversion processed=1 failed=0 app=mission-control version=0.1.0
2026-03-24 16:27:07: 2026-03-24 16:27:07,495 INFO app.services.ams_consumer ams_consumer.poll_done dataset=budget-usage processed=1 failed=0 app=mission-control version=0.1.0
2026-03-24 16:27:32: 2026-03-24 16:27:32,860 INFO app.services.ams_consumer ams_consumer.poll_done dataset=sp-traffic processed=2 failed=0 app=mission-control version=0.1.0
2026-03-24 16:28:38: 2026-03-24 16:28:38,603 INFO app.services.ams_consumer ams_consumer.poll_done dataset=sp-traffic processed=5 failed=0 app=mission-control version=0.1.0
2026-03-24 16:28:58: 2026-03-24 16:28:58,963 INFO app.services.ams_consumer ams_consumer.poll_done dataset=budget-usage processed=1 failed=0 app=mission-control version=0.1.0
2026-03-24 16:29:24: 2026-03-24 16:29:24,349 INFO app.services.ams_consumer ams_consumer.poll_done dataset=sp-traffic processed=3 failed=0 app=mission-control version=0.1.0
2026-03-24 16:30:30: 2026-03-24 16:30:30,090 INFO app.services.ams_consumer ams_consumer.poll_done dataset=sp-traffic processed=5 failed=0 app=mission-control version=0.1.0
2026-03-24 16:30:50: 2026-03-24 16:30:50,457 INFO app.services.ams_consumer ams_consumer.poll_done dataset=budget-usage processed=1 failed=0 app=mission-control version=0.1.0
2026-03-24 16:30:50: 2026-03-24 16:30:50,685 INFO app.services.ams_consumer ams_consumer.poll_done dataset=campaigns processed=1 failed=0 app=mission-control version=0.1.0
2026-03-24 16:30:55: 2026-03-24 16:30:55,939 INFO app.services.ams_consumer ams_consumer.poll_done dataset=sp-traffic processed=4 failed=0 app=mission-control version=0.1.0
2026-03-24 16:32:01: 2026-03-24 16:32:01,633 INFO app.services.ams_consumer ams_consumer.poll_done dataset=sp-traffic processed=2 failed=0 app=mission-control version=0.1.0
2026-03-24 16:33:07: 2026-03-24 16:33:07,389 INFO app.services.ams_consumer ams_consumer.poll_done dataset=sp-traffic processed=6 failed=0 app=mission-control version=0.1.0
2026-03-24 16:34:13: 2026-03-24 16:34:13,120 INFO app.services.ams_consumer ams_consumer.poll_done dataset=sp-traffic processed=1 failed=0 app=mission-control version=0.1.0
2026-03-24 16:35:12: 2026-03-24 16:35:12,299 INFO app.services.ams_consumer ams_consumer.poll_done dataset=campaigns processed=1 failed=0 app=mission-control version=0.1.0
2026-03-24 16:35:17: 2026-03-24 16:35:17,517 INFO app.services.ams_consumer ams_consumer.poll_done dataset=sp-traffic processed=10 failed=0 app=mission-control version=0.1.0
2026-03-24 16:35:37: 2026-03-24 16:35:37,924 INFO app.services.ams_consumer ams_consumer.poll_done dataset=budget-usage processed=1 failed=0 app=mission-control version=0.1.0
2026-03-24 16:36:03: 2026-03-24 16:36:03,292 INFO app.services.ams_consumer ams_consumer.poll_done dataset=sp-traffic processed=10 failed=0 app=mission-control version=0.1.0
2026-03-24 16:37:09: 2026-03-24 16:37:09,036 INFO app.services.ams_consumer ams_consumer.poll_done dataset=sp-traffic processed=9 failed=0 app=mission-control version=0.1.0
2026-03-24 16:38:14: 2026-03-24 16:38:14,714 INFO app.services.ams_consumer ams_consumer.poll_done dataset=sp-traffic processed=10 failed=0 app=mission-control version=0.1.0
2026-03-24 16:38:35: 2026-03-24 16:38:35,126 INFO app.services.ams_consumer ams_consumer.poll_done dataset=budget-usage processed=1 failed=0 app=mission-control version=0.1.0
2026-03-24 16:39:00: 2026-03-24 16:39:00,508 INFO app.services.ams_consumer ams_consumer.poll_done dataset=sp-traffic processed=7 failed=0 app=mission-control version=0.1.0
2026-03-24 16:40:06: 2026-03-24 16:40:06,224 INFO app.services.ams_consumer ams_consumer.poll_done dataset=sp-traffic processed=10 failed=0 app=mission-control version=0.1.0
2026-03-24 16:41:11: 2026-03-24 16:41:11,887 INFO app.services.ams_consumer ams_consumer.poll_done dataset=sp-traffic processed=10 failed=0 app=mission-control version=0.1.0
2026-03-24 16:42:17: 2026-03-24 16:42:17,756 INFO app.services.ams_consumer ams_consumer.poll_done dataset=sp-traffic processed=10 failed=0 app=mission-control version=0.1.0
2026-03-24 16:43:23: 2026-03-24 16:43:23,428 INFO app.services.ams_consumer ams_consumer.poll_done dataset=sp-traffic processed=10 failed=0 app=mission-control version=0.1.0
2026-03-24 16:43:43: 2026-03-24 16:43:43,819 INFO app.services.ams_consumer ams_consumer.poll_done dataset=budget-usage processed=1 failed=0 app=mission-control version=0.1.0
2026-03-24 16:43:44: 2026-03-24 16:43:44,034 INFO app.services.ams_consumer ams_consumer.poll_done dataset=campaigns processed=1 failed=0 app=mission-control version=0.1.0
2026-03-24 16:43:49: 2026-03-24 16:43:49,248 INFO app.services.ams_consumer ams_consumer.poll_done dataset=sp-traffic processed=10 failed=0 app=mission-control version=0.1.0
2026-03-24 16:44:09: 2026-03-24 16:44:09,623 INFO app.services.ams_consumer ams_consumer.poll_done dataset=budget-usage processed=2 failed=0 app=mission-control version=0.1.0
2026-03-24 16:44:09: 2026-03-24 16:44:09,897 INFO app.services.ams_consumer ams_consumer.poll_done dataset=campaigns processed=1 failed=0 app=mission-control version=0.1.0
2026-03-24 16:44:15: 2026-03-24 16:44:15,124 INFO app.services.ams_consumer ams_consumer.poll_done dataset=sp-traffic processed=10 failed=0 app=mission-control version=0.1.0
2026-03-24 16:44:55: 2026-03-24 16:44:55,651 INFO app.services.ams_consumer ams_consumer.poll_done dataset=campaigns processed=1 failed=0 app=mission-control version=0.1.0
2026-03-24 16:45:00: 2026-03-24 16:45:00,877 INFO app.services.ams_consumer ams_consumer.poll_done dataset=sp-traffic processed=1 failed=0 app=mission-control version=0.1.0
2026-03-24 16:45:21: 2026-03-24 16:45:21,305 INFO app.services.ams_consumer ams_consumer.poll_done dataset=budget-usage processed=1 failed=0 app=mission-control version=0.1.0
2026-03-24 16:45:21: 2026-03-24 16:45:21,519 INFO app.services.ams_consumer ams_consumer.poll_done dataset=campaigns processed=1 failed=0 app=mission-control version=0.1.0
2026-03-24 16:45:26: 2026-03-24 16:45:26,758 INFO app.services.ams_consumer ams_consumer.poll_done dataset=sp-traffic processed=6 failed=0 app=mission-control version=0.1.0
2026-03-24 16:46:06: 2026-03-24 16:46:06,377 INFO app.services.ams_consumer ams_consumer.poll_done dataset=budget-usage processed=1 failed=0 app=mission-control version=0.1.0
2026-03-24 16:46:06: 2026-03-24 16:46:06,627 INFO app.services.ams_consumer ams_consumer.poll_done dataset=campaigns processed=1 failed=0 app=mission-control version=0.1.0
2026-03-24 16:46:11: 2026-03-24 16:46:11,850 INFO app.services.ams_consumer ams_consumer.poll_done dataset=sp-traffic processed=10 failed=0 app=mission-control version=0.1.0
2026-03-24 16:46:52: 2026-03-24 16:46:52,416 INFO app.services.ams_consumer ams_consumer.poll_done dataset=campaigns processed=1 failed=0 app=mission-control version=0.1.0
2026-03-24 16:46:57: 2026-03-24 16:46:57,645 INFO app.services.ams_consumer ams_consumer.poll_done dataset=sp-traffic processed=3 failed=0 app=mission-control version=0.1.0
2026-03-24 16:48:03: 2026-03-24 16:48:03,427 INFO app.services.ams_consumer ams_consumer.poll_done dataset=sp-traffic processed=2 failed=0 app=mission-control version=0.1.0
2026-03-24 16:49:09: 2026-03-24 16:49:09,200 INFO app.services.ams_consumer ams_consumer.poll_done dataset=sp-traffic processed=7 failed=0 app=mission-control version=0.1.0
2026-03-24 16:49:51: 2026-03-24 16:49:51,675 INFO app.services.ams_consumer ams_consumer.poll_done dataset=campaigns processed=1 failed=0 app=mission-control version=0.1.0
2026-03-24 16:49:56: 2026-03-24 16:49:56,910 INFO app.services.ams_consumer ams_consumer.poll_done dataset=sp-traffic processed=10 failed=0 app=mission-control version=0.1.0
2026-03-24 16:50:17: 2026-03-24 16:50:17,385 INFO app.services.ams_consumer ams_consumer.poll_done dataset=budget-usage processed=1 failed=0 app=mission-control version=0.1.0
2026-03-24 16:50:42: 2026-03-24 16:50:42,774 INFO app.services.ams_consumer ams_consumer.poll_done dataset=sp-traffic processed=1 failed=0 app=mission-control version=0.1.0
2026-03-24 16:51:03: 2026-03-24 16:51:03,171 INFO app.services.ams_consumer ams_consumer.poll_done dataset=budget-usage processed=1 failed=0 app=mission-control version=0.1.0
2026-03-24 16:53:34: 2026-03-24 16:53:34,582 INFO app.services.ams_consumer ams_consumer.poll_done dataset=budget-usage processed=1 failed=0 app=mission-control version=0.1.0
2026-03-24 16:53:34: 2026-03-24 16:53:34,795 INFO app.services.ams_consumer ams_consumer.poll_done dataset=campaigns processed=1 failed=0 app=mission-control version=0.1.0
2026-03-24 16:54:20: 2026-03-24 16:54:20,344 INFO app.services.ams_consumer ams_consumer.poll_done dataset=budget-usage processed=1 failed=0 app=mission-control version=0.1.0
2026-03-24 16:55:34: 2026-03-24 16:55:34,479 INFO app.services.ams_consumer ams_consumer.poll_done dataset=budget-usage processed=1 failed=0 app=mission-control version=0.1.0
2026-03-24 16:58:05: 2026-03-24 16:58:05,978 INFO app.services.ams_consumer ams_consumer.poll_done dataset=budget-usage processed=1 failed=0 app=mission-control version=0.1.0
2026-03-24 16:58:06: 2026-03-24 16:58:06,218 INFO app.services.ams_consumer ams_consumer.poll_done dataset=campaigns processed=1 failed=0 app=mission-control version=0.1.0
2026-03-24 16:58:51: 2026-03-24 16:58:51,763 INFO app.services.ams_consumer ams_consumer.poll_done dataset=budget-usage processed=1 failed=0 app=mission-control version=0.1.0
2026-03-24 16:58:51: 2026-03-24 16:58:51,990 INFO app.services.ams_consumer ams_consumer.poll_done dataset=campaigns processed=1 failed=0 app=mission-control version=0.1.0
2026-03-24 16:59:47: 2026-03-24 16:59:47,650 INFO app.services.ams_consumer ams_consumer.poll_done dataset=budget-usage processed=1 failed=0 app=mission-control version=0.1.0
2026-03-24 16:59:47: 2026-03-24 16:59:47,901 INFO app.services.ams_consumer ams_consumer.poll_done dataset=campaigns processed=1 failed=0 app=mission-control version=0.1.0
2026-03-24 17:00:33: 2026-03-24 17:00:33,430 INFO app.services.ams_consumer ams_consumer.poll_done dataset=budget-usage processed=1 failed=0 app=mission-control version=0.1.0
2026-03-24 17:01:39: 2026-03-24 17:01:39,169 INFO app.services.ams_consumer ams_consumer.poll_done dataset=budget-usage processed=1 failed=0 app=mission-control version=0.1.0
2026-03-24 17:01:52: 2026-03-24 17:01:52,109 INFO app.services.ams_consumer ams_consumer.poll_done dataset=campaigns processed=1 failed=0 app=mission-control version=0.1.0
2026-03-24 17:02:37: 2026-03-24 17:02:37,736 INFO app.services.ams_consumer ams_consumer.poll_done dataset=budget-usage processed=1 failed=0 app=mission-control version=0.1.0
2026-03-24 17:02:37: 2026-03-24 17:02:37,953 INFO app.services.ams_consumer ams_consumer.poll_done dataset=campaigns processed=1 failed=0 app=mission-control version=0.1.0
2026-03-24 17:03:23: 2026-03-24 17:03:23,496 INFO app.services.ams_consumer ams_consumer.poll_done dataset=budget-usage processed=2 failed=0 app=mission-control version=0.1.0
2026-03-24 17:03:23: 2026-03-24 17:03:23,746 INFO app.services.ams_consumer ams_consumer.poll_done dataset=campaigns processed=1 failed=0 app=mission-control version=0.1.0
2026-03-24 17:04:29: 2026-03-24 17:04:29,574 INFO app.services.ams_consumer ams_consumer.poll_done dataset=campaigns processed=1 failed=0 app=mission-control version=0.1.0
2026-03-24 17:05:07: 2026-03-24 17:05:07,612 INFO app.services.ams_consumer ams_consumer.poll_done dataset=sp-conversion processed=1 failed=0 app=mission-control version=0.1.0
2026-03-24 17:05:27: 2026-03-24 17:05:27,991 INFO app.services.ams_consumer ams_consumer.poll_done dataset=campaigns processed=1 failed=0 app=mission-control version=0.1.0
2026-03-24 17:05:53: 2026-03-24 17:05:53,376 INFO app.services.ams_consumer ams_consumer.poll_done dataset=sp-conversion processed=1 failed=0 app=mission-control version=0.1.0
2026-03-24 17:07:19: 2026-03-24 17:07:19,294 INFO app.services.ams_consumer ams_consumer.poll_done dataset=budget-usage processed=1 failed=0 app=mission-control version=0.1.0
2026-03-24 17:08:25: 2026-03-24 17:08:25,054 INFO app.services.ams_consumer ams_consumer.poll_done dataset=budget-usage processed=1 failed=0 app=mission-control version=0.1.0
2026-03-24 17:08:25: 2026-03-24 17:08:25,280 INFO app.services.ams_consumer ams_consumer.poll_done dataset=campaigns processed=1 failed=0 app=mission-control version=0.1.0
2026-03-24 17:13:27: 2026-03-24 17:13:27,833 INFO app.services.ams_consumer ams_consumer.poll_done dataset=budget-usage processed=1 failed=0 app=mission-control version=0.1.0
2026-03-24 17:14:38: 2026-03-24 17:14:38,977 INFO app.services.ams_consumer ams_consumer.poll_done dataset=budget-usage processed=1 failed=0 app=mission-control version=0.1.0
2026-03-24 17:14:55: 2026-03-24 17:14:55,627 INFO app.services.ams_consumer ams_consumer.poll_done dataset=campaigns processed=1 failed=0 app=mission-control version=0.1.0
2026-03-24 17:15:41: 2026-03-24 17:15:41,256 INFO app.services.ams_consumer ams_consumer.poll_done dataset=budget-usage processed=1 failed=0 app=mission-control version=0.1.0
2026-03-24 17:17:52: 2026-03-24 17:17:52,486 INFO app.services.ams_consumer ams_consumer.poll_done dataset=sp-conversion processed=1 failed=0 app=mission-control version=0.1.0
2026-03-24 17:18:11: 2026-03-24 17:18:11,394 INFO app.services.ams_consumer ams_consumer.poll_done dataset=budget-usage processed=1 failed=0 app=mission-control version=0.1.0
2026-03-24 17:20:42: 2026-03-24 17:20:42,786 INFO app.services.ams_consumer ams_consumer.poll_done dataset=budget-usage processed=2 failed=0 app=mission-control version=0.1.0
2026-03-24 17:21:48: 2026-03-24 17:21:48,523 INFO app.services.ams_consumer ams_consumer.poll_done dataset=budget-usage processed=1 failed=0 app=mission-control version=0.1.0
2026-03-24 17:22:54: 2026-03-24 17:22:54,270 INFO app.services.ams_consumer ams_consumer.poll_done dataset=budget-usage processed=1 failed=0 app=mission-control version=0.1.0
2026-03-24 17:23:59: 2026-03-24 17:23:59,970 INFO app.services.ams_consumer ams_consumer.poll_done dataset=budget-usage processed=1 failed=0 app=mission-control version=0.1.0
2026-03-24 17:24:00: 2026-03-24 17:24:00,184 INFO app.services.ams_consumer ams_consumer.poll_done dataset=campaigns processed=1 failed=0 app=mission-control version=0.1.0
2026-03-24 17:25:51: 2026-03-24 17:25:51,279 INFO app.services.ams_consumer ams_consumer.poll_done dataset=sp-conversion processed=1 failed=0 app=mission-control version=0.1.0
2026-03-24 17:26:57: 2026-03-24 17:26:57,046 INFO app.services.ams_consumer ams_consumer.poll_done dataset=sp-conversion processed=1 failed=0 app=mission-control version=0.1.0
2026-03-24 17:28:02: 2026-03-24 17:28:02,795 INFO app.services.ams_consumer ams_consumer.poll_done dataset=sp-conversion processed=1 failed=0 app=mission-control version=0.1.0
2026-03-24 17:29:28: 2026-03-24 17:29:28,696 INFO app.services.ams_consumer ams_consumer.poll_done dataset=budget-usage processed=1 failed=0 app=mission-control version=0.1.0
2026-03-24 17:29:28: 2026-03-24 17:29:28,886 INFO app.services.ams_consumer ams_consumer.poll_done dataset=campaigns processed=1 failed=0 app=mission-control version=0.1.0
2026-03-24 17:30:14: 2026-03-24 17:30:14,427 INFO app.services.ams_consumer ams_consumer.poll_done dataset=budget-usage processed=1 failed=0 app=mission-control version=0.1.0
2026-03-24 17:30:14: 2026-03-24 17:30:14,643 INFO app.services.ams_consumer ams_consumer.poll_done dataset=campaigns processed=1 failed=0 app=mission-control version=0.1.0
2026-03-24 17:31:00: 2026-03-24 17:31:00,230 INFO app.services.ams_consumer ams_consumer.poll_done dataset=budget-usage processed=1 failed=0 app=mission-control version=0.1.0
2026-03-24 17:31:00: 2026-03-24 17:31:00,434 INFO app.services.ams_consumer ams_consumer.poll_done dataset=campaigns processed=3 failed=0 app=mission-control version=0.1.0
2026-03-24 17:32:06: 2026-03-24 17:32:06,360 INFO app.services.ams_consumer ams_consumer.poll_done dataset=campaigns processed=1 failed=0 app=mission-control version=0.1.0
2026-03-24 17:32:11: 2026-03-24 17:32:11,584 INFO app.services.ams_consumer ams_consumer.poll_done dataset=sp-traffic processed=2 failed=0 app=mission-control version=0.1.0
2026-03-24 17:33:17: 2026-03-24 17:33:17,560 INFO app.services.ams_consumer ams_consumer.poll_done dataset=sp-traffic processed=1 failed=0 app=mission-control version=0.1.0
2026-03-24 17:34:23: 2026-03-24 17:34:23,289 INFO app.services.ams_consumer ams_consumer.poll_done dataset=sp-traffic processed=3 failed=0 app=mission-control version=0.1.0
2026-03-24 17:35:29: 2026-03-24 17:35:29,048 INFO app.services.ams_consumer ams_consumer.poll_done dataset=sp-traffic processed=2 failed=0 app=mission-control version=0.1.0
2026-03-24 17:36:34: 2026-03-24 17:36:34,769 INFO app.services.ams_consumer ams_consumer.poll_done dataset=sp-traffic processed=3 failed=0 app=mission-control version=0.1.0
2026-03-24 17:37:40: 2026-03-24 17:37:40,487 INFO app.services.ams_consumer ams_consumer.poll_done dataset=sp-traffic processed=2 failed=0 app=mission-control version=0.1.0
2026-03-24 17:38:46: 2026-03-24 17:38:46,246 INFO app.services.ams_consumer ams_consumer.poll_done dataset=sp-traffic processed=3 failed=0 app=mission-control version=0.1.0
2026-03-24 17:39:51: 2026-03-24 17:39:51,969 INFO app.services.ams_consumer ams_consumer.poll_done dataset=sp-traffic processed=10 failed=0 app=mission-control version=0.1.0
2026-03-24 17:40:57: 2026-03-24 17:40:57,701 INFO app.services.ams_consumer ams_consumer.poll_done dataset=sp-traffic processed=10 failed=0 app=mission-control version=0.1.0
2026-03-24 17:42:03: 2026-03-24 17:42:03,461 INFO app.services.ams_consumer ams_consumer.poll_done dataset=sp-traffic processed=7 failed=0 app=mission-control version=0.1.0
2026-03-24 17:43:09: 2026-03-24 17:43:09,175 INFO app.services.ams_consumer ams_consumer.poll_done dataset=sp-traffic processed=10 failed=0 app=mission-control version=0.1.0
2026-03-24 17:44:14: 2026-03-24 17:44:14,842 INFO app.services.ams_consumer ams_consumer.poll_done dataset=sp-traffic processed=10 failed=0 app=mission-control version=0.1.0
2026-03-24 17:44:35: 2026-03-24 17:44:35,228 INFO app.services.ams_consumer ams_consumer.poll_done dataset=budget-usage processed=1 failed=0 app=mission-control version=0.1.0
2026-03-24 17:45:00: 2026-03-24 17:45:00,586 INFO app.services.ams_consumer ams_consumer.poll_done dataset=sp-traffic processed=10 failed=0 app=mission-control version=0.1.0
2026-03-24 17:45:23: 2026-03-24 17:45:23,552 INFO app.services.ams_consumer ams_consumer.poll_done dataset=budget-usage processed=1 failed=0 app=mission-control version=0.1.0
2026-03-24 17:45:48: 2026-03-24 17:45:48,957 INFO app.services.ams_consumer ams_consumer.poll_done dataset=sp-traffic processed=10 failed=0 app=mission-control version=0.1.0
2026-03-24 17:46:54: 2026-03-24 17:46:54,629 INFO app.services.ams_consumer ams_consumer.poll_done dataset=sp-traffic processed=4 failed=0 app=mission-control version=0.1.0
2026-03-24 17:48:00: 2026-03-24 17:48:00,367 INFO app.services.ams_consumer ams_consumer.poll_done dataset=sp-traffic processed=10 failed=0 app=mission-control version=0.1.0
2026-03-24 17:49:06: 2026-03-24 17:49:06,109 INFO app.services.ams_consumer ams_consumer.poll_done dataset=sp-traffic processed=4 failed=0 app=mission-control version=0.1.0
2026-03-24 17:49:26: 2026-03-24 17:49:26,646 INFO app.services.ams_consumer ams_consumer.poll_done dataset=budget-usage processed=1 failed=0 app=mission-control version=0.1.0
2026-03-24 17:49:52: 2026-03-24 17:49:52,016 INFO app.services.ams_consumer ams_consumer.poll_done dataset=sp-traffic processed=10 failed=0 app=mission-control version=0.1.0
2026-03-24 17:50:17: 2026-03-24 17:50:17,204 INFO app.services.ams_consumer ams_consumer.poll_done dataset=budget-usage processed=1 failed=0 app=mission-control version=0.1.0
2026-03-24 17:50:42: 2026-03-24 17:50:42,626 INFO app.services.ams_consumer ams_consumer.poll_done dataset=sp-traffic processed=1 failed=0 app=mission-control version=0.1.0
2026-03-24 17:51:03: 2026-03-24 17:51:03,016 INFO app.services.ams_consumer ams_consumer.poll_done dataset=budget-usage processed=1 failed=0 app=mission-control version=0.1.0
2026-03-24 17:51:28: 2026-03-24 17:51:28,424 INFO app.services.ams_consumer ams_consumer.poll_done dataset=sp-traffic processed=10 failed=0 app=mission-control version=0.1.0
2026-03-24 17:51:59: 2026-03-24 17:51:59,479 INFO app.services.ams_consumer ams_consumer.poll_done dataset=budget-usage processed=1 failed=0 app=mission-control version=0.1.0
2026-03-24 17:52:00: 2026-03-24 17:52:00,181 INFO app.services.ams_consumer ams_consumer.poll_done dataset=campaigns processed=1 failed=0 app=mission-control version=0.1.0
2026-03-24 17:52:05: 2026-03-24 17:52:05,427 INFO app.services.ams_consumer ams_consumer.poll_done dataset=sp-traffic processed=10 failed=0 app=mission-control version=0.1.0
2026-03-24 17:53:11: 2026-03-24 17:53:11,163 INFO app.services.ams_consumer ams_consumer.poll_done dataset=sp-traffic processed=10 failed=0 app=mission-control version=0.1.0
2026-03-24 17:54:16: 2026-03-24 17:54:16,843 INFO app.services.ams_consumer ams_consumer.poll_done dataset=sp-traffic processed=10 failed=0 app=mission-control version=0.1.0
2026-03-24 17:54:37: 2026-03-24 17:54:37,284 INFO app.services.ams_consumer ams_consumer.poll_done dataset=budget-usage processed=1 failed=0 app=mission-control version=0.1.0
2026-03-24 17:54:37: 2026-03-24 17:54:37,516 INFO app.services.ams_consumer ams_consumer.poll_done dataset=campaigns processed=1 failed=0 app=mission-control version=0.1.0
2026-03-24 17:54:42: 2026-03-24 17:54:42,722 INFO app.services.ams_consumer ams_consumer.poll_done dataset=sp-traffic processed=10 failed=0 app=mission-control version=0.1.0
2026-03-24 17:55:48: 2026-03-24 17:55:48,502 INFO app.services.ams_consumer ams_consumer.poll_done dataset=sp-traffic processed=2 failed=0 app=mission-control version=0.1.0
2026-03-24 17:56:54: 2026-03-24 17:56:54,201 INFO app.services.ams_consumer ams_consumer.poll_done dataset=sp-traffic processed=10 failed=0 app=mission-control version=0.1.0
2026-03-24 17:57:14: 2026-03-24 17:57:14,627 INFO app.services.ams_consumer ams_consumer.poll_done dataset=budget-usage processed=1 failed=0 app=mission-control version=0.1.0
2026-03-24 17:57:40: 2026-03-24 17:57:40,017 INFO app.services.ams_consumer ams_consumer.poll_done dataset=sp-traffic processed=10 failed=0 app=mission-control version=0.1.0
2026-03-24 17:58:45: 2026-03-24 17:58:45,784 INFO app.services.ams_consumer ams_consumer.poll_done dataset=sp-traffic processed=5 failed=0 app=mission-control version=0.1.0
2026-03-24 17:59:51: 2026-03-24 17:59:51,508 INFO app.services.ams_consumer ams_consumer.poll_done dataset=sp-traffic processed=8 failed=0 app=mission-control version=0.1.0
